key,tourn,round,player.id,match.id,seed,seeded,name,Sets.Played,Tie.Breaks.Played,Total.Games,Winners,Return.Games.Won,Server.Points.Won,Total.Points,First.Serves.In,Total.Aces,Total.Double.Faults,First.Serve.Pts.Won,Pct.1stt.Serve.In,Unforced.Errors,Winning.Pct.on.1st.Serve,Winning.Pct.on.2nd.Serve,Receiving.Points.Won,Break.Point.Conversions,Net.Approaches,Total.Points.Won,Fastest.Serve.Speed,Average.1st.Serve.Speed,Average.2nd.Serve.Speed,W.UE,RPW.TPW,W.minus.Aces,SPW.TPW,match.type,year
1224.AUS,AUS,2,atpme82,1224,0,Not Seeded,Adrian Mannarino,4,1,40,32,5,69,113,76,5,1,44,55,73,58,41,37,50,58,113,123.652867208,105.63310264,86.370595688,0.438356164383562,0.327433628318584,27,0.610619469026549,1,2014
1147.AUS,AUS,1,atpme82,1147,0,Not Seeded,Adrian Mannarino,5,0,46,3,7,89,142,81,3,3,52,58,3,64,63,40,64,NA,142,NA,NA,NA,1,0.28169014084507,0,0.626760563380282,1,2014
2313.AUS,AUS,3,wta312251,2313,5,Seeded,Agnieszka Radwanska,3,0,28,25,6,52,96,55,5,2,36,65,19,65,55,49,67,65,96,105.011731448,90.720194032,70.836315888,1.31578947368421,0.510416666666667,20,0.541666666666667,2,2014
2602.AUS,AUS,6,wta312251,2602,5,Seeded,Agnieszka Radwanska,2,0,15,12,1,19,40,34,2,2,17,68,24,50,13,40,11,44,40,102.52624668,88.234709264,68.972202312,0.5,1,10,0.475,2,2014
2504.AUS,AUS,5,wta312251,2504,5,Seeded,Agnieszka Radwanska,3,0,25,23,6,49,94,46,1,1,33,59,15,72,50,50,38,79,94,103.768989064,88.234709264,70.836315888,1.53333333333333,0.531914893617021,22,0.521276595744681,2,2014
2225.AUS,AUS,2,wta312251,2225,5,Seeded,Agnieszka Radwanska,2,0,18,18,5,36,63,35,1,1,28,66,13,80,44,51,63,79,63,104.390360256,92.584307608,70.214944696,1.38461538461538,0.80952380952381,17,0.571428571428571,2,2014
2149.AUS,AUS,1,wta312251,2149,5,Seeded,Agnieszka Radwanska,3,0,26,38,7,51,96,48,9,1,36,59,31,75,44,50,64,63,96,105.011731448,91.341565224,68.35083112,1.2258064516129,0.520833333333333,29,0.53125,2,2014
2407.AUS,AUS,4,wta312251,2407,5,Seeded,Agnieszka Radwanska,2,0,16,9,4,45,76,48,2,1,34,73,15,71,61,53,44,57,76,105.63310264,92.584307608,70.836315888,0.6,0.697368421052632,7,0.592105263157895,2,2014
2158.AUS,AUS,1,wta315232,2158,0,Not Seeded,Ajla Tomljanovic,3,1,32,5,3,61,97,47,5,6,36,49,6,77,51,36,50,NA,97,NA,NA,NA,0.833333333333333,0.371134020618557,0,0.628865979381443,2,2014
2229.AUS,AUS,2,wta315232,2229,0,Not Seeded,Ajla Tomljanovic,3,0,29,25,3,57,87,52,3,6,35,54,44,67,50,36,50,50,87,118.681897672,108.118587408,86.99196688,0.568181818181818,0.413793103448276,22,0.655172413793103,2,2014
1163.AUS,AUS,1,atpm824,1163,0,Not Seeded,Albert Montanes,3,0,23,1,0,32,42,41,1,4,23,60,4,56,33,19,0,NA,42,NA,NA,NA,0.25,0.452380952380952,0,0.761904761904762,1,2014
1143.AUS,AUS,1,atpr772,1143,0,Not Seeded,Albert Ramos,3,0,28,2,3,42,77,51,2,3,32,61,3,63,30,39,43,NA,77,NA,NA,NA,0.666666666666667,0.506493506493506,0,0.545454545454545,1,2014
1150.AUS,AUS,1,atpf444,1150,0,Not Seeded,Alejandro Falla,4,1,38,4,10,73,151,74,4,2,50,60,2,68,47,50,36,NA,151,NA,NA,NA,2,0.33112582781457,0,0.483443708609272,1,2014
1225.AUS,AUS,2,atpf444,1225,0,Not Seeded,Alejandro Falla,4,1,41,26,2,81,117,81,1,3,56,60,37,69,46,29,29,62,117,122.410124824,109.361329792,83.88511092,0.702702702702703,0.247863247863248,25,0.692307692307692,1,2014
1148.AUS,AUS,1,atpg892,1148,0,Not Seeded,Alejandro Gonzalez,3,0,29,22,5,41,75,60,2,4,34,68,41,57,25,41,71,52,75,123.652867208,115.575041712,88.234709264,0.536585365853659,0.546666666666667,20,0.546666666666667,1,2014
1133.AUS,AUS,1,atpn503,1133,0,Not Seeded,Aleksandr Nedovyesov,3,0,28,22,0,54,67,57,8,2,37,61,37,65,47,18,0,69,67,132.352063896,113.710928136,87.613338072,0.594594594594595,0.26865671641791,14,0.805970149253731,1,2014
1157.AUS,AUS,1,atpb842,1157,0,Not Seeded,Alex Bogomolov Jr.,2,0,17,11,2,39,61,45,0,11,26,54,46,58,33,40,33,67,61,NA,NA,NA,0.239130434782609,0.655737704918033,11,0.639344262295082,1,2014
1146.AUS,AUS,1,atpd801,1146,0,Not Seeded,Alexandr Dolgopolov,3,0,32,37,5,65,114,53,7,4,42,58,31,79,61,43,31,100,114,128.623836744,113.710928136,84.506482112,1.19354838709677,0.37719298245614,30,0.570175438596491,1,2014
1223.AUS,AUS,2,atpd801,1223,0,Not Seeded,Alexandr Dolgopolov,4,3,51,43,4,103,160,116,15,2,81,71,36,70,47,35,33,79,160,130.48795032,106.254473832,84.506482112,1.19444444444444,0.21875,28,0.64375,1,2014
2129.AUS,AUS,1,wta313215,2129,0,Not Seeded,Alexandra Cadantu,2,0,14,13,1,23,41,34,1,8,14,58,36,41,36,38,33,63,41,NA,NA,NA,0.361111111111111,0.926829268292683,12,0.560975609756098,2,2014
2214.AUS,AUS,2,wta312850,2214,0,Not Seeded,Alison Riske,2,0,14,15,5,33,60,39,4,2,27,78,8,69,55,59,50,67,60,105.63310264,98.798019528,88.856080456,1.875,0.983333333333333,11,0.55,2,2014
2307.AUS,AUS,3,wta312850,2307,0,Not Seeded,Alison Riske,2,0,19,18,4,24,48,38,0,6,16,62,29,42,35,47,80,35,48,106.254473832,98.798019528,86.370595688,0.620689655172414,0.979166666666667,18,0.5,2,2014
2128.AUS,AUS,1,wta312850,2128,0,Not Seeded,Alison Riske,2,0,16,15,4,32,57,25,4,3,24,64,16,96,57,48,50,100,57,105.011731448,97.555277144,86.99196688,0.9375,0.842105263157895,11,0.56140350877193,2,2014
2114.AUS,AUS,1,wta317819,2114,0,Not Seeded,Alison Van Uytvanck,2,2,26,22,2,47,78,39,5,4,32,54,40,82,45,35,29,67,78,NA,NA,NA,0.55,0.448717948717949,17,0.602564102564103,2,2014
2312.AUS,AUS,3,wta312121,2312,25,Seeded,Alize Cornet,2,1,20,11,4,33,60,49,0,5,24,65,23,49,35,41,67,58,60,102.52624668,95.691163568,81.399626152,0.478260869565217,0.683333333333333,11,0.55,2,2014
2223.AUS,AUS,2,wta312121,2223,25,Seeded,Alize Cornet,3,0,29,5,6,56,103,57,1,9,39,59,29,68,43,48,46,33,103,102.52624668,93.2056788,80.156883768,0.172413793103448,0.466019417475728,4,0.543689320388349,2,2014
2145.AUS,AUS,1,wta312121,2145,25,Seeded,Alize Cornet,1,0,1,2,0,4,5,3,1,0,3,75,0,100,100,50,NA,100,5,95.069792376,90.09882284,73.943171848,Inf,10,1,0.8,2,2014
1121.AUS,AUS,1,atpbh09,1121,0,Not Seeded,Aljaz Bedene,3,1,28,28,4,49,74,58,16,11,40,54,52,69,18,35,80,60,74,NA,NA,NA,0.538461538461538,0.472972972972973,12,0.662162162162162,1,2014
2126.AUS,AUS,1,wta311362,2126,0,Not Seeded,Alla Kudryavtseva,2,1,21,3,6,51,93,53,3,4,37,58,4,70,37,53,60,NA,93,NA,NA,NA,0.75,0.56989247311828,0,0.548387096774194,2,2014
2213.AUS,AUS,2,wta311362,2213,0,Not Seeded,Alla Kudryavtseva,2,0,18,23,1,33,47,40,4,2,25,63,24,63,35,29,50,65,47,102.52624668,96.31253476,82.020997344,0.958333333333333,0.617021276595745,19,0.702127659574468,2,2014
2401.AUS,AUS,4,wta311710,2401,14,Seeded,Ana Ivanovic,3,0,28,33,4,52,91,40,1,2,31,53,27,78,60,41,29,77,91,113.089556944,100.662133104,88.856080456,1.22222222222222,0.450549450549451,32,0.571428571428571,2,2014
2204.AUS,AUS,2,wta311710,2204,14,Seeded,Ana Ivanovic,2,0,15,16,6,29,57,26,2,2,16,54,17,62,59,64,86,0,57,111.225443368,103.147617872,87.613338072,0.941176470588235,1.12280701754386,14,0.508771929824561,2,2014
2501.AUS,AUS,5,wta311710,2501,14,Seeded,Ana Ivanovic,3,0,32,34,5,57,104,61,1,4,34,56,35,56,49,43,42,67,104,109.361329792,100.040761912,83.263739728,0.971428571428571,0.413461538461538,33,0.548076923076923,2,2014
2108.AUS,AUS,1,wta311710,2108,14,Seeded,Ana Ivanovic,2,0,20,14,8,33,73,41,3,4,24,60,22,59,33,61,89,67,73,110.604072176,100.040761912,84.506482112,0.636363636363636,0.835616438356164,11,0.452054794520548,2,2014
2302.AUS,AUS,3,wta311710,2302,14,Seeded,Ana Ivanovic,3,1,31,46,4,70,107,57,6,3,47,58,40,82,55,37,44,70,107,111.225443368,100.662133104,86.99196688,1.15,0.345794392523364,40,0.654205607476635,2,2014
2117.AUS,AUS,1,wta320682,2117,0,Not Seeded,Ana Konjuh,2,0,14,7,0,22,36,26,0,5,13,50,25,50,35,31,0,50,36,113.710928136,101.904875488,83.88511092,0.28,0.861111111111111,7,0.611111111111111,2,2014
2122.AUS,AUS,1,wta130611,2122,0,Not Seeded,Anabel Medina Garrigues,2,0,16,0,2,21,41,43,0,1,18,86,1,42,43,39,50,NA,41,NA,NA,NA,0,0.951219512195122,0,0.51219512195122,2,2014
2226.AUS,AUS,2,wta313796,2226,29,Seeded,Anastasia Pavlyuchenkova,2,0,16,5,4,32,65,28,5,1,24,67,1,86,57,51,44,NA,65,NA,NA,NA,5,0.784615384615385,0,0.492307692307692,2,2014
2313.AUS,AUS,3,wta313796,2313,29,Seeded,Anastasia Pavlyuchenkova,3,0,28,39,3,46,78,53,0,7,29,59,49,55,46,38,60,57,78,108.7399586,99.41939072,85.749224496,0.795918367346939,0.487179487179487,39,0.58974358974359,2,2014
2152.AUS,AUS,1,wta313796,2152,29,Seeded,Anastasia Pavlyuchenkova,2,1,23,3,3,47,93,46,3,5,32,62,5,70,54,45,25,NA,93,NA,NA,NA,0.6,0.483870967741935,0,0.505376344086022,2,2014
2136.AUS,AUS,1,wta310770,2136,0,Not Seeded,Andrea Petkovic,2,0,17,15,1,29,48,41,1,4,23,68,31,56,32,35,33,64,48,100.040761912,90.09882284,81.399626152,0.483870967741935,0.729166666666667,14,0.604166666666667,2,2014
1203.AUS,AUS,2,atpsa93,1203,24,Seeded,Andreas Seppi,5,0,49,47,6,90,165,84,12,10,57,57,65,68,52,43,33,60,165,121.788753632,108.118587408,82.020997344,0.723076923076923,0.260606060606061,35,0.545454545454545,1,2014
1105.AUS,AUS,1,atpsa93,1105,24,Seeded,Andreas Seppi,5,1,58,67,7,112,175,103,17,5,72,59,59,70,55,36,39,73,175,124.895609592,109.982700984,82.020997344,1.13559322033898,0.205714285714286,50,0.64,1,2014
1149.AUS,AUS,1,atpg806,1149,0,Not Seeded,Andrey Golubev,2,0,15,8,1,28,37,36,0,0,18,64,15,50,50,26,50,50,37,125.516980784,108.118587408,91.962936416,0.533333333333333,0.702702702702703,8,0.756756756756757,1,2014
1117.AUS,AUS,1,atpmc10,1117,4,Seeded,Andy Murray,3,0,23,32,7,44,84,41,12,2,33,69,13,80,61,54,54,80,84,129.245207936,112.468185752,82.642368536,2.46153846153846,0.642857142857143,20,0.523809523809524,1,2014
1305.AUS,AUS,3,atpmc10,1305,4,Seeded,Andy Murray,3,1,31,29,4,66,106,58,6,2,50,64,30,86,48,40,36,61,106,128.002465552,108.118587408,83.88511092,0.966666666666667,0.377358490566038,23,0.622641509433962,1,2014
1403.AUS,AUS,4,atpmc10,1403,4,Seeded,Andy Murray,4,1,36,48,7,84,137,78,8,3,59,62,47,76,52,46,50,67,137,129.866579128,111.84681456,82.020997344,1.02127659574468,0.335766423357664,40,0.613138686131387,1,2014
1502.AUS,AUS,5,atpmc10,1502,4,Seeded,Andy Murray,4,1,41,41,1,88,121,89,9,1,60,61,46,67,49,27,50,63,121,129.245207936,113.710928136,81.399626152,0.891304347826087,0.223140495867769,32,0.727272727272727,1,2014
1209.AUS,AUS,2,atpmc10,1209,4,Seeded,Andy Murray,3,0,28,25,8,52,106,44,5,5,35,59,31,80,55,55,47,100,106,128.623836744,106.875845024,83.88511092,0.806451612903226,0.518867924528302,20,0.490566037735849,1,2014
2125.AUS,AUS,1,wta311470,2125,9,Seeded,Angelique Kerber,3,0,23,30,4,49,81,57,6,5,36,65,17,63,42,44,57,75,81,101.283504296,89.477451648,73.321800656,1.76470588235294,0.54320987654321,24,0.604938271604938,2,2014
2307.AUS,AUS,3,wta311470,2307,9,Seeded,Angelique Kerber,2,0,19,21,7,27,64,32,4,4,21,63,16,66,32,61,54,67,64,103.147617872,92.584307608,72.700429464,1.3125,0.953125,17,0.421875,2,2014
2404.AUS,AUS,4,wta311470,2404,9,Seeded,Angelique Kerber,3,0,29,25,5,45,77,63,1,4,35,64,35,56,29,42,83,38,77,102.52624668,88.856080456,71.45768708,0.714285714285714,0.545454545454545,24,0.584415584415584,2,2014
2213.AUS,AUS,2,wta311470,2213,9,Seeded,Angelique Kerber,2,0,18,22,4,35,65,29,3,1,24,59,10,83,55,48,31,75,65,104.390360256,93.2056788,73.321800656,2.2,0.738461538461539,19,0.538461538461538,2,2014
2154.AUS,AUS,1,wta318203,2154,0,Not Seeded,Anna Schmiedlova,3,0,32,5,6,77,126,89,5,5,54,66,5,61,51,44,43,NA,126,NA,NA,NA,1,0.349206349206349,0,0.611111111111111,2,2014
2227.AUS,AUS,2,wta318203,2227,0,Not Seeded,Anna Schmiedlova,2,0,18,6,3,22,45,32,1,5,15,59,20,47,32,40,43,0,45,108.118587408,97.555277144,75.185914232,0.3,0.888888888888889,5,0.488888888888889,2,2014
2130.AUS,AUS,1,wta312962,2130,0,Not Seeded,Anna Tatishvili,2,0,18,10,1,25,48,34,0,4,20,68,23,59,31,35,13,86,48,NA,NA,NA,0.434782608695652,0.729166666666667,10,0.520833333333333,2,2014
2107.AUS,AUS,1,wta316979,2107,0,Not Seeded,Annika Beck,2,0,12,8,6,26,52,26,0,0,18,67,10,69,62,68,55,100,52,NA,NA,NA,0.8,1.30769230769231,8,0.5,2,2014
2204.AUS,AUS,2,wta316979,2204,0,Not Seeded,Annika Beck,2,0,15,10,2,16,35,33,0,3,13,75,29,39,27,40,67,63,35,100.040761912,90.09882284,78.914141384,0.344827586206897,1.14285714285714,10,0.457142857142857,2,2014
2101.AUS,AUS,1,wta318033,2101,0,Not Seeded,Ashleigh Barty,2,0,15,5,0,25,31,28,1,4,14,51,18,50,41,18,0,50,31,110.604072176,103.147617872,83.263739728,0.277777777777778,0.580645161290323,4,0.806451612903226,2,2014
2134.AUS,AUS,1,wta312848,2134,0,Not Seeded,Ayumi Morita,2,1,21,20,4,46,75,47,6,2,30,62,24,64,55,43,80,33,75,101.904875488,91.962936416,73.943171848,0.833333333333333,0.573333333333333,14,0.613333333333333,2,2014
2217.AUS,AUS,2,wta312848,2217,0,Not Seeded,Ayumi Morita,2,0,14,7,1,13,26,23,1,3,8,58,18,35,29,33,100,50,26,103.147617872,92.584307608,75.807285424,0.388888888888889,1.26923076923077,6,0.5,2,2014
2232.AUS,AUS,2,wta190879,2232,0,Not Seeded,Barbora Zahlavova Strycova,2,0,17,17,2,22,50,26,1,2,13,55,30,50,43,41,25,63,50,106.254473832,100.040761912,85.749224496,0.566666666666667,0.82,16,0.44,2,2014
2163.AUS,AUS,1,wta190879,2163,0,Not Seeded,Barbora Zahlavova Strycova,3,0,24,31,5,52,95,54,5,2,39,68,36,72,52,47,29,79,95,NA,NA,NA,0.861111111111111,0.494736842105263,26,0.547368421052632,2,2014
2118.AUS,AUS,1,wta319001,2118,0,Not Seeded,Belinda Bencic,3,0,29,27,10,40,94,46,5,5,25,53,44,54,38,57,50,50,94,108.118587408,92.584307608,74.56454304,0.613636363636364,0.606382978723404,22,0.425531914893617,2,2014
2209.AUS,AUS,2,wta319001,2209,0,Not Seeded,Belinda Bencic,2,1,19,12,2,29,53,31,2,5,21,54,19,68,31,38,100,75,53,108.118587408,95.069792376,77.671399,0.631578947368421,0.716981132075472,10,0.547169811320755,2,2014
1114.AUS,AUS,1,atpb896,1114,0,Not Seeded,Benjamin Becker,4,2,43,38,3,76,114,66,12,5,45,53,36,68,53,31,43,100,114,134.837548664,115.575041712,91.962936416,1.05555555555556,0.271929824561404,26,0.666666666666667,1,2014
1207.AUS,AUS,2,atppd31,1207,27,Seeded,Benoit Paire,5,2,52,78,7,115,188,81,32,5,68,50,45,84,59,39,29,88,188,129.245207936,115.575041712,93.827049992,1.73333333333333,0.207446808510638,46,0.611702127659574,1,2014
1304.AUS,AUS,3,atppd31,1304,27,Seeded,Benoit Paire,3,0,25,31,2,40,65,48,13,3,30,58,59,63,29,32,29,50,65,125.516980784,115.575041712,86.99196688,0.525423728813559,0.492307692307692,18,0.615384615384615,1,2014
1113.AUS,AUS,1,atppd31,1113,27,Seeded,Benoit Paire,3,1,32,58,3,76,117,60,24,6,54,57,25,90,48,38,25,63,117,129.866579128,113.089556944,93.827049992,2.32,0.324786324786325,34,0.64957264957265,1,2014
1101.AUS,AUS,1,atpta46,1101,0,Not Seeded,Bernard Tomic,1,0,10,13,0,18,24,20,3,1,15,71,7,75,38,23,0,60,24,130.48795032,115.575041712,88.856080456,1.85714285714286,0.958333333333333,10,0.75,1,2014
2148.AUS,AUS,1,wta130713,2148,0,Not Seeded,Bethanie Mattek-Sands,2,0,19,18,2,37,65,40,4,8,27,57,30,68,33,39,33,78,65,114.332299328,99.41939072,84.506482112,0.6,0.6,14,0.569230769230769,2,2014
1131.AUS,AUS,1,atpk834,1131,0,Not Seeded,Blaz Kavcic,4,1,32,41,6,65,121,65,10,6,43,63,27,66,58,46,43,40,121,NA,NA,NA,1.51851851851852,0.380165289256198,31,0.537190082644628,1,2014
1216.AUS,AUS,2,atpk834,1216,0,Not Seeded,Blaz Kavcic,3,1,28,14,1,50,72,61,6,3,32,62,21,52,47,29,50,31,72,125.516980784,112.468185752,88.234709264,0.666666666666667,0.402777777777778,8,0.694444444444444,1,2014
1123.AUS,AUS,1,atpra51,1123,0,Not Seeded,Blaz Rola,3,0,30,6,4,70,108,69,6,8,57,68,8,83,39,41,44,NA,108,NA,NA,NA,0.75,0.37962962962963,0,0.648148148148148,1,2014
1212.AUS,AUS,2,atpra51,1212,0,Not Seeded,Blaz Rola,4,1,44,12,3,90,123,92,12,8,66,63,8,72,44,28,75,NA,123,NA,NA,NA,1.5,0.227642276422764,0,0.731707317073171,1,2014
2161.AUS,AUS,1,wta314369,2161,0,Not Seeded,Bojana Jovanovski,3,1,29,0,9,54,100,76,0,1,43,76,1,57,46,57,69,NA,100,NA,NA,NA,0,0.57,0,0.54,2,2014
2231.AUS,AUS,2,wta314369,2231,0,Not Seeded,Bojana Jovanovski,3,0,26,32,6,44,85,64,0,1,30,69,50,47,48,49,67,78,85,96.933905952,83.88511092,78.292770192,0.64,0.576470588235294,32,0.517647058823529,2,2014
1112.AUS,AUS,1,atpka98,1112,0,Not Seeded,Bradley Klahn,4,1,42,10,0,82,105,75,10,9,54,58,9,72,51,21,0,NA,105,NA,NA,NA,1.11111111111111,0.2,0,0.780952380952381,1,2014
2146.AUS,AUS,1,wta314610,2146,0,Not Seeded,Camila Giorgi,3,0,27,27,4,61,97,48,5,13,38,51,47,79,49,43,33,43,97,118.681897672,103.147617872,91.962936416,0.574468085106383,0.443298969072165,22,0.628865979381443,2,2014
2223.AUS,AUS,2,wta314610,2223,0,Not Seeded,Camila Giorgi,3,0,29,28,5,51,92,55,0,12,31,56,73,56,47,42,42,58,92,117.439155288,100.040761912,91.341565224,0.383561643835616,0.456521739130435,28,0.554347826086957,2,2014
2151.AUS,AUS,1,wta317536,2151,0,Not Seeded,Carina Witthoeft,2,0,17,1,2,26,47,34,1,4,16,62,4,47,48,39,33,NA,47,NA,NA,NA,0.25,0.829787234042553,0,0.553191489361702,2,2014
2311.AUS,AUS,3,wta311338,2311,16,Seeded,Carla Suarez Navarro,2,0,13,2,0,16,26,28,0,0,12,65,23,43,27,26,0,0,26,95.069792376,86.370595688,79.535512576,0.0869565217391304,1,2,0.615384615384615,2,2014
2221.AUS,AUS,2,wta311338,2221,16,Seeded,Carla Suarez Navarro,3,1,36,19,6,74,126,96,0,5,57,73,30,59,47,45,60,74,126,98.798019528,85.749224496,76.428656616,0.633333333333333,0.357142857142857,19,0.587301587301587,2,2014
2141.AUS,AUS,1,wta311338,2141,16,Seeded,Carla Suarez Navarro,2,0,17,17,4,35,61,41,0,1,31,79,19,76,36,51,80,67,61,96.933905952,85.127853304,76.428656616,0.894736842105263,0.836065573770492,17,0.573770491803279,2,2014
1139.AUS,AUS,1,atpb884,1139,0,Not Seeded,Carlos Berlocq,4,2,44,9,4,81,150,83,9,4,49,57,4,59,52,41,31,NA,150,NA,NA,NA,2.25,0.273333333333333,0,0.54,1,2014
2126.AUS,AUS,1,wta315391,2126,0,Not Seeded,Caroline Garcia,2,1,21,3,4,37,77,46,3,7,22,58,7,48,45,44,67,NA,77,NA,NA,NA,0.428571428571429,0.571428571428571,0,0.480519480519481,2,2014
2314.AUS,AUS,3,wta313402,2314,10,Seeded,Caroline Wozniacki,3,0,31,17,5,51,93,63,2,6,39,67,37,62,39,44,31,69,93,107.497216216,99.41939072,82.642368536,0.459459459459459,0.473118279569892,15,0.548387096774194,2,2014
2228.AUS,AUS,2,wta313402,2228,10,Seeded,Caroline Wozniacki,3,0,21,15,5,38,70,48,2,3,30,74,29,63,47,48,42,73,70,107.497216216,98.798019528,80.156883768,0.517241379310345,0.685714285714286,13,0.542857142857143,2,2014
2156.AUS,AUS,1,wta313402,2156,10,Seeded,Caroline Wozniacki,2,0,14,15,6,28,58,25,0,2,17,61,16,68,69,63,50,61,58,105.63310264,92.584307608,77.050027808,0.9375,1.08620689655172,15,0.482758620689655,2,2014
2206.AUS,AUS,2,wta310730,2206,0,Not Seeded,Casey Dellacqua,2,0,15,15,6,28,61,30,1,0,22,73,15,73,55,57,32,70,61,100.662133104,92.584307608,79.535512576,1,0.934426229508197,14,0.459016393442623,2,2014
2303.AUS,AUS,3,wta310730,2303,0,Not Seeded,Casey Dellacqua,2,0,18,14,5,34,64,29,1,3,20,58,16,69,67,51,50,75,64,96.933905952,91.962936416,77.050027808,0.875,0.796875,13,0.53125,2,2014
2111.AUS,AUS,1,wta310730,2111,0,Not Seeded,Casey Dellacqua,2,0,16,10,4,35,67,29,0,0,22,66,19,76,87,51,40,50,67,98.176648336,91.341565224,79.535512576,0.526315789473684,0.761194029850746,10,0.522388059701492,2,2014
2402.AUS,AUS,4,wta310730,2402,0,Not Seeded,Casey Dellacqua,3,1,27,11,1,47,68,54,0,3,33,61,47,61,41,28,50,56,68,96.933905952,90.720194032,79.535512576,0.234042553191489,0.411764705882353,11,0.691176470588235,2,2014
2162.AUS,AUS,1,wta190873,2162,0,Not Seeded,Chanelle Scheepers,2,1,23,2,4,39,71,40,2,13,27,53,13,68,34,42,57,NA,71,NA,NA,NA,0.153846153846154,0.591549295774648,0,0.549295774647887,2,2014
2228.AUS,AUS,2,wta314917,2228,0,Not Seeded,Christina McHale,3,0,21,17,3,34,61,35,3,3,22,53,37,63,39,42,50,100,61,110.604072176,97.555277144,82.020997344,0.459459459459459,0.688524590163934,14,0.557377049180328,2,2014
2155.AUS,AUS,1,wta314917,2155,0,Not Seeded,Christina McHale,2,0,22,4,5,42,77,50,4,3,31,71,3,62,55,48,56,NA,77,NA,NA,NA,1.33333333333333,0.623376623376623,0,0.545454545454545,2,2014
1135.AUS,AUS,1,atpd923,1135,0,Not Seeded,Damir Dzumhur,3,0,25,4,7,50,95,36,4,3,31,53,3,86,59,55,58,NA,95,NA,NA,NA,1.33333333333333,0.578947368421053,0,0.526315789473684,1,2014
1218.AUS,AUS,2,atpd923,1218,0,Not Seeded,Damir Dzumhur,4,0,34,33,3,62,95,48,7,6,36,51,27,75,57,36,60,67,95,NA,NA,NA,1.22222222222222,0.378947368421053,26,0.652631578947368,1,2014
1309.AUS,AUS,3,atpd923,1309,0,Not Seeded,Damir Dzumhur,3,0,26,21,0,42,58,35,5,6,25,44,34,71,39,22,0,56,58,118.06052648,108.118587408,88.856080456,0.617647058823529,0.379310344827586,16,0.724137931034483,1,2014
1128.AUS,AUS,1,atpbc72,1128,0,Not Seeded,Daniel Brands,5,1,71,111,2,145,231,129,41,4,109,63,81,84,48,33,8,66,231,NA,NA,NA,1.37037037037037,0.142857142857143,70,0.627705627705628,1,2014
1109.AUS,AUS,1,atpg676,1109,0,Not Seeded,Daniel Gimeno-Traver,4,1,38,22,3,68,96,68,5,5,43,56,33,63,46,28,50,67,96,121.16738244,108.7399586,89.477451648,0.666666666666667,0.291666666666667,17,0.708333333333333,1,2014
2301.AUS,AUS,3,wta080394,2301,31,Seeded,Daniela Hantuchova,2,0,18,10,1,27,48,28,2,2,15,54,19,54,50,38,17,33,48,102.52624668,95.691163568,78.292770192,0.526315789473684,0.791666666666667,8,0.5625,2,2014
2202.AUS,AUS,2,wta080394,2202,31,Seeded,Daniela Hantuchova,3,0,40,43,4,81,129,74,9,8,53,59,35,72,54,38,44,71,129,NA,NA,NA,1.22857142857143,0.294573643410853,34,0.627906976744186,2,2014
2104.AUS,AUS,1,wta080394,2104,31,Seeded,Daniela Hantuchova,3,0,30,37,5,53,102,55,6,2,43,68,44,78,38,45,38,63,102,99.41939072,93.2056788,79.535512576,0.840909090909091,0.441176470588235,31,0.519607843137255,2,2014
1503.AUS,AUS,5,atpf401,1503,3,Seeded,David Ferrer,4,0,35,30,3,69,119,72,2,1,46,61,46,64,50,39,25,92,119,114.95367052,103.768989064,87.613338072,0.652173913043478,0.327731092436975,28,0.579831932773109,1,2014
1224.AUS,AUS,2,atpf401,1224,3,Seeded,David Ferrer,4,1,40,32,9,74,142,80,0,4,56,68,48,70,47,50,53,95,142,116.196412904,108.118587408,89.477451648,0.666666666666667,0.352112676056338,32,0.52112676056338,1,2014
1148.AUS,AUS,1,atpf401,1148,3,Seeded,David Ferrer,3,0,29,33,8,49,96,44,2,6,28,53,30,64,54,53,67,82,96,119.924640056,108.7399586,90.720194032,1.1,0.552083333333333,31,0.510416666666667,1,2014
1312.AUS,AUS,3,atpf401,1312,3,Seeded,David Ferrer,3,1,29,22,5,61,111,63,2,1,44,72,24,70,71,45,45,83,111,116.196412904,107.497216216,89.477451648,0.916666666666667,0.405405405405405,20,0.54954954954955,1,2014
1406.AUS,AUS,4,atpf401,1406,3,Seeded,David Ferrer,4,1,40,64,9,79,153,74,3,1,55,63,43,74,55,48,47,70,153,117.439155288,106.254473832,87.613338072,1.48837209302326,0.313725490196078,61,0.516339869281046,1,2014
1156.AUS,AUS,1,atpg753,1156,0,Not Seeded,David Guez,3,0,29,20,3,38,67,49,3,0,26,64,39,53,44,34,43,36,67,111.225443368,102.52624668,81.399626152,0.512820512820513,0.507462686567164,17,0.567164179104478,1,2014
1162.AUS,AUS,1,atpi165,1162,0,Not Seeded,Denis Istomin,3,0,32,41,4,72,126,81,9,1,57,77,41,70,63,43,31,75,126,125.516980784,113.089556944,91.341565224,1,0.341269841269841,32,0.571428571428571,1,2014
1231.AUS,AUS,2,atpi165,1231,0,Not Seeded,Denis Istomin,4,1,40,46,5,83,127,64,14,1,47,54,34,73,67,38,63,78,127,124.895609592,111.225443368,90.09882284,1.35294117647059,0.299212598425197,32,0.653543307086614,1,2014
1316.AUS,AUS,3,atpi165,1316,0,Not Seeded,Denis Istomin,3,0,30,14,1,51,71,56,5,1,41,65,26,73,33,26,100,33,71,126.138351976,113.089556944,88.856080456,0.538461538461538,0.366197183098592,9,0.71830985915493,1,2014
1142.AUS,AUS,1,atpkb09,1142,0,Not Seeded,Denis Kudla,3,0,28,31,1,53,78,57,1,2,35,59,45,61,46,30,33,60,78,NA,NA,NA,0.688888888888889,0.384615384615385,30,0.67948717948718,1,2014
1134.AUS,AUS,1,atpw571,1134,0,Not Seeded,Di Wu,3,1,37,33,2,75,125,76,3,5,46,60,36,61,58,38,15,66,125,117.439155288,99.41939072,79.535512576,0.916666666666667,0.304,30,0.6,1,2014
2127.AUS,AUS,1,wta316518,2127,0,Not Seeded,Dinah Pfizenmaier,2,1,22,3,2,47,87,43,3,12,24,48,12,56,50,43,13,NA,87,NA,NA,NA,0.25,0.494252873563218,0,0.540229885057471,2,2014
1161.AUS,AUS,1,atpt315,1161,30,Seeded,Dmitry Tursunov,3,0,25,8,6,63,104,52,8,6,39,53,6,75,51,49,67,NA,104,NA,NA,NA,1.33333333333333,0.471153846153846,0,0.605769230769231,1,2014
1231.AUS,AUS,2,atpt315,1231,30,Seeded,Dmitry Tursunov,4,1,40,31,3,71,106,61,5,5,45,53,44,74,48,30,30,63,106,129.866579128,116.196412904,88.856080456,0.704545454545455,0.283018867924528,26,0.669811320754717,1,2014
1219.AUS,AUS,2,atptb69,1219,0,Not Seeded,Dominic Thiem,3,0,29,28,0,50,69,45,10,3,34,59,21,76,52,24,0,40,69,133.59480628,118.06052648,93.2056788,1.33333333333333,0.347826086956522,18,0.72463768115942,1,2014
1138.AUS,AUS,1,atptb69,1138,0,Not Seeded,Dominic Thiem,4,1,44,20,5,91,148,76,20,3,60,55,3,79,51,40,42,NA,148,NA,NA,NA,6.66666666666667,0.27027027027027,0,0.614864864864865,1,2014
2311.AUS,AUS,3,wta312894,2311,20,Seeded,Dominika Cibulkova,2,0,13,20,5,29,56,27,1,1,21,69,20,78,67,63,56,78,56,101.283504296,93.2056788,80.156883768,1,1.125,19,0.517857142857143,2,2014
2222.AUS,AUS,2,wta312894,2222,20,Seeded,Dominika Cibulkova,2,0,13,17,6,29,55,32,0,2,21,68,13,66,53,68,67,80,55,NA,NA,NA,1.30769230769231,1.23636363636364,17,0.527272727272727,2,2014
2701.AUS,AUS,7,wta312894,2701,20,Seeded,Dominika Cibulkova,2,1,19,11,2,34,58,49,0,7,29,67,28,59,21,40,67,75,58,98.176648336,90.720194032,79.535512576,0.392857142857143,0.689655172413793,11,0.586206896551724,2,2014
2602.AUS,AUS,6,wta312894,2602,20,Seeded,Dominika Cibulkova,2,0,15,21,6,32,63,34,0,2,22,64,20,65,53,62,67,86,63,100.662133104,88.234709264,78.914141384,1.05,0.984126984126984,21,0.507936507936508,2,2014
2503.AUS,AUS,5,wta312894,2503,20,Seeded,Dominika Cibulkova,2,0,15,17,5,30,54,33,0,3,25,77,16,76,50,56,56,75,54,97.555277144,88.856080456,77.671399,1.0625,1.03703703703704,17,0.555555555555556,2,2014
2144.AUS,AUS,1,wta312894,2144,20,Seeded,Dominika Cibulkova,2,0,19,21,3,47,72,44,0,6,33,61,30,75,50,44,43,86,72,103.147617872,87.613338072,78.292770192,0.7,0.611111111111111,21,0.652777777777778,2,2014
2406.AUS,AUS,4,wta312894,2406,20,Seeded,Dominika Cibulkova,3,0,26,16,7,40,87,51,1,5,27,69,28,53,57,52,50,100,87,100.040761912,89.477451648,80.156883768,0.571428571428571,0.597701149425287,15,0.459770114942529,2,2014
1106.AUS,AUS,1,atpy124,1106,0,Not Seeded,Donald Young,4,2,35,34,2,74,124,77,0,5,58,73,33,75,55,40,29,73,124,NA,NA,NA,1.03030303030303,0.32258064516129,34,0.596774193548387,1,2014
1203.AUS,AUS,2,atpy124,1203,0,Not Seeded,Donald Young,5,0,49,47,6,100,158,107,6,15,71,61,78,66,43,39,40,65,158,123.652867208,104.390360256,88.856080456,0.602564102564103,0.246835443037975,41,0.632911392405063,1,2014
1302.AUS,AUS,3,atpy124,1302,0,Not Seeded,Donald Young,3,0,25,17,1,30,56,47,1,5,23,64,32,49,27,34,25,50,56,124.895609592,100.662133104,86.99196688,0.53125,0.607142857142857,16,0.535714285714286,1,2014
2119.AUS,AUS,1,wta318516,2119,0,Not Seeded,Donna Vekic,2,0,16,1,0,26,37,23,1,2,17,47,2,74,35,24,0,NA,37,NA,NA,NA,0.5,0.648648648648649,0,0.702702702702703,2,2014
1158.AUS,AUS,1,atpsc56,1158,0,Not Seeded,Dudi Sela,5,2,53,41,9,97,173,115,5,3,73,68,50,63,44,43,53,47,173,NA,NA,NA,0.82,0.248554913294798,36,0.560693641618497,1,2014
1107.AUS,AUS,1,atpl987,1107,0,Not Seeded,Dusan Lajovic,4,1,42,28,5,83,141,80,7,7,53,61,57,66,58,43,50,47,141,NA,NA,NA,0.491228070175439,0.304964539007092,21,0.588652482269504,1,2014
1204.AUS,AUS,2,atpl987,1204,0,Not Seeded,Dusan Lajovic,3,1,27,17,1,45,68,64,7,3,37,70,49,58,30,28,20,57,68,126.138351976,103.768989064,86.99196688,0.346938775510204,0.411764705882353,10,0.661764705882353,1,2014
1310.AUS,AUS,3,atpr613,1310,0,Not Seeded,Edouard Roger-Vasselin,5,1,53,43,3,114,162,130,8,4,94,74,34,72,44,32,43,59,162,121.788753632,109.982700984,88.856080456,1.26470588235294,0.197530864197531,35,0.703703703703704,1,2014
1139.AUS,AUS,1,atpr613,1139,0,Not Seeded,Edouard Roger-Vasselin,4,2,44,6,7,99,163,109,6,6,67,65,6,61,54,44,44,NA,163,NA,NA,NA,1,0.269938650306748,0,0.607361963190184,1,2014
1220.AUS,AUS,2,atpr613,1220,0,Not Seeded,Edouard Roger-Vasselin,4,1,40,11,7,77,130,70,11,2,49,57,2,70,54,42,41,NA,130,NA,NA,NA,5.5,0.323076923076923,0,0.592307692307692,1,2014
2403.AUS,AUS,4,wta311604,2403,22,Seeded,Ekaterina Makarova,2,0,14,4,0,17,31,27,0,1,14,64,11,52,20,32,0,75,31,100.040761912,92.584307608,78.292770192,0.363636363636364,1.03225806451613,4,0.548387096774194,2,2014
2211.AUS,AUS,2,wta311604,2211,22,Seeded,Ekaterina Makarova,2,0,20,18,5,40,74,35,4,6,26,56,28,74,50,52,38,64,74,101.904875488,92.584307608,74.56454304,0.642857142857143,0.702702702702703,14,0.540540540540541,2,2014
2306.AUS,AUS,3,wta311604,2306,22,Seeded,Ekaterina Makarova,2,0,20,17,6,30,65,31,2,1,17,56,35,55,54,53,67,90,65,103.147617872,94.448421184,75.185914232,0.485714285714286,0.815384615384615,15,0.461538461538462,2,2014
2121.AUS,AUS,1,wta311604,2121,22,Seeded,Ekaterina Makarova,3,0,28,21,5,60,97,69,1,4,43,63,26,62,43,41,42,60,97,100.662133104,93.2056788,76.428656616,0.807692307692308,0.422680412371134,20,0.618556701030928,2,2014
2128.AUS,AUS,1,wta311220,2128,23,Seeded,Elena Vesnina,2,0,16,9,0,27,34,32,2,4,17,62,31,53,50,18,0,100,34,103.147617872,95.691163568,90.720194032,0.290322580645161,0.529411764705882,7,0.794117647058823,2,2014
2230.AUS,AUS,2,wta316738,2230,0,Not Seeded,Elina Svitolina,2,0,22,19,5,41,76,35,7,3,26,53,24,74,48,47,63,73,76,110.604072176,98.798019528,79.535512576,0.791666666666667,0.618421052631579,12,0.539473684210526,2,2014
2315.AUS,AUS,3,wta316738,2315,0,Not Seeded,Elina Svitolina,2,0,22,12,2,38,61,37,0,4,23,57,27,62,54,36,67,53,61,108.118587408,96.31253476,75.185914232,0.444444444444444,0.590163934426229,12,0.622950819672131,2,2014
2160.AUS,AUS,1,wta316738,2160,0,Not Seeded,Elina Svitolina,2,0,18,27,5,34,65,34,5,5,26,61,21,76,36,50,42,67,65,109.361329792,100.662133104,79.535512576,1.28571428571429,0.769230769230769,22,0.523076923076923,2,2014
1160.AUS,AUS,1,atpg858,1160,23,Seeded,Ernests Gulbis,4,1,38,59,3,91,127,76,17,11,59,53,79,78,47,32,60,57,127,138.565775816,129.245207936,100.040761912,0.746835443037975,0.251968503937008,42,0.716535433070866,1,2014
1230.AUS,AUS,2,atpg858,1230,23,Seeded,Ernests Gulbis,3,0,27,19,1,44,59,35,7,4,23,46,41,66,51,21,33,55,59,136.70166224,126.759723168,105.63310264,0.463414634146341,0.355932203389831,12,0.745762711864407,1,2014
2402.AUS,AUS,4,wta316161,2402,30,Seeded,Eugenie Bouchard,3,1,27,29,6,53,94,48,6,1,37,65,28,77,62,47,55,83,94,111.84681456,100.662133104,82.020997344,1.03571428571429,0.5,23,0.563829787234043,2,2014
2501.AUS,AUS,5,wta316161,2501,30,Seeded,Eugenie Bouchard,3,0,32,47,7,62,113,63,2,6,42,58,37,67,43,47,54,79,113,109.361329792,95.691163568,76.428656616,1.27027027027027,0.415929203539823,45,0.548672566371681,2,2014
2601.AUS,AUS,6,wta316161,2601,30,Seeded,Eugenie Bouchard,2,0,18,10,3,18,49,23,2,2,13,45,14,57,18,45,43,80,49,108.7399586,97.555277144,78.292770192,0.714285714285714,0.918367346938776,8,0.36734693877551,2,2014
2113.AUS,AUS,1,wta316161,2113,30,Seeded,Eugenie Bouchard,2,0,19,1,5,46,82,49,1,4,30,64,4,61,57,52,45,NA,82,NA,NA,NA,0.25,0.634146341463415,0,0.560975609756098,2,2014
2207.AUS,AUS,2,wta316161,2207,30,Seeded,Eugenie Bouchard,2,1,21,25,5,43,84,38,4,2,26,50,25,68,45,52,50,43,84,106.254473832,99.41939072,78.914141384,1,0.619047619047619,21,0.511904761904762,2,2014
2304.AUS,AUS,3,wta316161,2304,30,Seeded,Eugenie Bouchard,2,0,16,18,5,33,67,30,4,2,23,61,23,77,53,56,63,60,67,108.7399586,101.283504296,78.292770192,0.782608695652174,0.835820895522388,14,0.492537313432836,2,2014
1157.AUS,AUS,1,atpf510,1157,15,Seeded,Fabio Fognini,2,0,17,21,6,33,78,26,3,4,18,47,31,69,52,54,30,67,78,NA,NA,NA,0.67741935483871,0.692307692307692,18,0.423076923076923,1,2014
1315.AUS,AUS,3,atpf510,1315,15,Seeded,Fabio Fognini,3,0,32,43,4,67,108,55,9,3,41,60,26,75,72,40,40,64,108,126.138351976,110.604072176,88.234709264,1.65384615384615,0.37037037037037,34,0.62037037037037,1,2014
1408.AUS,AUS,4,atpf510,1408,15,Seeded,Fabio Fognini,3,0,23,20,0,45,55,54,3,7,32,59,44,59,35,17,0,69,55,124.895609592,111.84681456,86.370595688,0.454545454545455,0.309090909090909,17,0.818181818181818,1,2014
1229.AUS,AUS,2,atpf510,1229,15,Seeded,Fabio Fognini,4,0,39,51,5,92,144,84,9,12,62,58,60,74,48,39,33,82,144,128.623836744,111.225443368,88.234709264,0.85,0.270833333333333,42,0.638888888888889,1,2014
1123.AUS,AUS,1,atpd874,1123,0,Not Seeded,Federico Delbonis,3,0,30,4,0,54,86,58,4,1,38,63,1,66,47,31,0,NA,86,NA,NA,NA,4,0.36046511627907,0,0.627906976744186,1,2014
1210.AUS,AUS,2,atpl397,1210,26,Seeded,Feliciano Lopez,3,1,33,43,4,68,108,60,8,3,45,62,24,75,62,38,36,81,108,NA,NA,NA,1.79166666666667,0.351851851851852,35,0.62962962962963,1,2014
1305.AUS,AUS,3,atpl397,1305,26,Seeded,Feliciano Lopez,3,1,31,31,1,59,84,56,8,7,39,57,44,70,47,27,100,70,84,132.973435088,119.924640056,96.31253476,0.704545454545455,0.321428571428571,23,0.702380952380952,1,2014
1120.AUS,AUS,1,atpl397,1120,26,Seeded,Feliciano Lopez,3,1,33,12,4,68,110,62,12,2,50,65,2,81,55,40,57,NA,110,NA,NA,NA,6,0.363636363636364,0,0.618181818181818,1,2014
1215.AUS,AUS,2,atpv306,1215,31,Seeded,Fernando Verdasco,5,1,50,56,6,101,156,96,12,18,67,60,71,70,54,38,60,58,156,133.59480628,112.468185752,95.691163568,0.788732394366197,0.243589743589744,44,0.647435897435897,1,2014
1129.AUS,AUS,1,atpv306,1129,31,Seeded,Fernando Verdasco,4,0,38,44,5,83,125,70,20,6,59,61,40,84,53,38,36,64,125,137.323033432,116.817784096,99.41939072,1.1,0.304,24,0.664,1,2014
1125.AUS,AUS,1,atpv254,1125,0,Not Seeded,Filippo Volandri,3,0,30,28,1,55,77,56,2,6,35,57,39,63,47,27,50,65,77,111.84681456,105.011731448,88.234709264,0.717948717948718,0.350649350649351,26,0.714285714285714,1,2014
2215.AUS,AUS,2,wta160391,2215,28,Seeded,Flavia Pennetta,2,0,19,21,2,40,67,24,9,0,22,45,14,92,62,42,33,100,67,109.982700984,101.904875488,81.399626152,1.5,0.626865671641791,12,0.597014925373134,2,2014
2404.AUS,AUS,4,wta160391,2404,28,Seeded,Flavia Pennetta,3,0,29,43,8,45,98,46,8,2,33,60,37,72,39,54,44,63,98,109.361329792,99.41939072,77.671399,1.16216216216216,0.551020408163265,35,0.459183673469388,2,2014
2129.AUS,AUS,1,wta160391,2129,28,Seeded,Flavia Pennetta,2,0,14,28,6,30,66,19,2,3,16,40,21,84,48,61,35,82,66,NA,NA,NA,1.33333333333333,0.924242424242424,26,0.454545454545455,2,2014
2308.AUS,AUS,3,wta160391,2308,28,Seeded,Flavia Pennetta,2,0,19,14,6,32,70,23,3,4,17,44,10,74,52,52,40,60,70,109.982700984,100.040761912,77.671399,1.4,0.742857142857143,11,0.457142857142857,2,2014
2502.AUS,AUS,5,wta160391,2502,28,Seeded,Flavia Pennetta,2,0,16,14,1,25,37,21,3,5,12,39,27,57,39,27,25,100,37,106.875845024,97.555277144,80.156883768,0.518518518518518,0.72972972972973,11,0.675675675675676,2,2014
1142.AUS,AUS,1,atpmb02,1142,0,Not Seeded,Florian Mayer,3,0,28,25,5,58,101,48,6,1,36,58,23,75,63,45,45,79,101,NA,NA,NA,1.08695652173913,0.445544554455446,19,0.574257425742574,1,2014
1221.AUS,AUS,2,atpmb02,1221,0,Not Seeded,Florian Mayer,5,0,46,48,4,92,136,76,19,3,59,60,41,78,65,33,36,69,136,124.2742384,110.604072176,83.263739728,1.17073170731707,0.242647058823529,29,0.676470588235294,1,2014
1311.AUS,AUS,3,atpmb02,1311,0,Not Seeded,Florian Mayer,3,0,28,38,5,57,98,46,17,0,42,68,7,91,68,44,45,92,98,116.817784096,102.52624668,82.020997344,5.42857142857143,0.448979591836735,21,0.581632653061224,1,2014
1406.AUS,AUS,4,atpmb02,1406,0,Not Seeded,Florian Mayer,4,1,40,33,3,79,118,94,4,3,52,61,49,55,46,33,27,52,118,119.924640056,111.225443368,85.127853304,0.673469387755102,0.279661016949153,29,0.669491525423729,1,2014
2144.AUS,AUS,1,wta190666,2144,0,Not Seeded,Francesca Schiavone,2,0,19,14,1,32,57,34,5,2,21,60,27,62,48,35,17,45,57,104.390360256,94.448421184,81.399626152,0.518518518518518,0.614035087719298,9,0.56140350877193,2,2014
1113.AUS,AUS,1,atpd499,1113,0,Not Seeded,Frank Dancevic,3,1,32,36,1,67,97,64,12,3,47,59,14,73,45,28,25,47,97,126.138351976,108.7399586,90.09882284,2.57142857142857,0.288659793814433,24,0.690721649484536,1,2014
1301.AUS,AUS,3,atpmc65,1301,25,Seeded,Gael Monfils,3,0,24,33,0,49,70,68,10,5,39,69,57,57,33,27,0,44,70,134.216177472,118.06052648,95.691163568,0.578947368421053,0.385714285714286,23,0.7,1,2014
1202.AUS,AUS,2,atpmc65,1202,25,Seeded,Gael Monfils,3,1,33,39,4,70,117,56,13,3,47,62,30,84,66,40,36,77,117,132.352063896,116.196412904,93.827049992,1.3,0.341880341880342,26,0.598290598290598,1,2014
1104.AUS,AUS,1,atpmc65,1104,25,Seeded,Gael Monfils,3,0,30,43,3,61,95,50,9,5,43,64,27,86,64,37,75,82,95,136.70166224,118.681897672,93.2056788,1.59259259259259,0.389473684210526,34,0.642105263157895,1,2014
2142.AUS,AUS,1,wta310419,2142,0,Not Seeded,Galina Voskoboeva,3,0,34,3,6,59,109,60,3,3,41,64,3,68,53,46,55,NA,109,NA,NA,NA,1,0.422018348623853,0,0.541284403669725,2,2014
2221.AUS,AUS,2,wta310419,2221,0,Not Seeded,Galina Voskoboeva,3,1,36,50,7,63,121,63,3,13,40,55,67,63,44,44,41,64,121,106.875845024,90.720194032,67.729459928,0.746268656716418,0.363636363636364,47,0.520661157024793,2,2014
2227.AUS,AUS,2,wta316239,2227,0,Not Seeded,Garbine Muguruza,2,0,18,24,6,34,66,32,6,6,23,56,33,72,44,59,75,44,66,108.118587408,99.41939072,85.127853304,0.727272727272727,0.893939393939394,18,0.515151515151515,2,2014
2153.AUS,AUS,1,wta316239,2153,0,Not Seeded,Garbine Muguruza,3,0,24,26,5,48,85,40,5,4,28,51,31,70,53,49,42,33,85,NA,NA,NA,0.838709677419355,0.576470588235294,21,0.564705882352941,2,2014
2407.AUS,AUS,4,wta316239,2407,0,Not Seeded,Garbine Muguruza,2,0,16,23,0,28,49,33,3,3,18,56,44,55,38,32,0,43,49,106.875845024,100.040761912,83.88511092,0.522727272727273,0.653061224489796,20,0.571428571428571,2,2014
2314.AUS,AUS,3,wta316239,2314,0,Not Seeded,Garbine Muguruza,3,0,31,33,7,53,96,61,5,7,37,64,56,61,47,46,70,71,96,105.63310264,98.176648336,82.642368536,0.589285714285714,0.479166666666667,28,0.552083333333333,2,2014
1214.AUS,AUS,2,atpsd32,1214,18,Seeded,Gilles Simon,5,2,51,7,10,106,171,89,7,8,65,49,8,73,45,44,83,NA,171,NA,NA,NA,0.875,0.257309941520468,0,0.619883040935672,1,2014
1307.AUS,AUS,3,atpsd32,1307,18,Seeded,Gilles Simon,3,1,31,21,0,56,79,43,7,3,34,53,25,79,58,25,0,82,79,123.031496016,112.468185752,85.127853304,0.84,0.316455696202532,14,0.708860759493671,1,2014
1128.AUS,AUS,1,atpsd32,1128,18,Seeded,Gilles Simon,5,1,71,75,4,171,230,143,32,18,114,56,53,80,50,29,40,67,230,NA,NA,NA,1.41509433962264,0.126086956521739,43,0.743478260869565,1,2014
1117.AUS,AUS,1,atpsc47,1117,0,Not Seeded,Go Soeda,3,0,23,23,0,34,49,45,6,3,28,61,33,62,21,25,0,69,49,121.16738244,109.361329792,89.477451648,0.696969696969697,0.510204081632653,17,0.693877551020408,1,2014
1206.AUS,AUS,2,atpd875,1206,22,Seeded,Grigor Dimitrov,3,1,31,36,5,67,117,57,15,7,49,59,35,86,46,43,24,56,117,134.216177472,121.788753632,96.31253476,1.02857142857143,0.367521367521368,21,0.572649572649573,1,2014
1303.AUS,AUS,3,atpd875,1303,22,Seeded,Grigor Dimitrov,4,1,41,49,2,88,128,66,15,5,55,60,13,83,75,32,50,80,128,134.837548664,120.546011248,97.555277144,3.76923076923077,0.25,34,0.6875,1,2014
1402.AUS,AUS,4,atpd875,1402,22,Seeded,Grigor Dimitrov,4,0,36,38,4,78,114,67,11,3,57,60,34,85,47,35,80,66,114,136.080291048,119.303268864,95.069792376,1.11764705882353,0.307017543859649,27,0.684210526315789,1,2014
1112.AUS,AUS,1,atpd875,1112,22,Seeded,Grigor Dimitrov,4,1,42,14,4,85,133,62,14,4,55,57,4,89,65,37,50,NA,133,NA,NA,NA,3.5,0.278195488721804,0,0.639097744360902,1,2014
1501.AUS,AUS,5,atpd875,1501,22,Seeded,Grigor Dimitrov,4,2,43,54,3,96,132,90,16,5,64,58,61,71,49,29,50,68,132,136.080291048,117.439155288,94.448421184,0.885245901639344,0.21969696969697,38,0.727272727272727,1,2014
1140.AUS,AUS,1,atpg476,1140,0,Not Seeded,Guillermo Garcia-Lopez,2,0,19,19,4,38,65,35,7,3,27,58,9,77,44,45,100,60,65,120.546011248,111.84681456,84.506482112,2.11111111111111,0.692307692307692,12,0.584615384615385,1,2014
1220.AUS,AUS,2,atpg476,1220,0,Not Seeded,Guillermo Garcia-Lopez,4,1,40,9,4,72,117,64,9,10,46,51,10,72,43,37,31,NA,117,NA,NA,NA,0.9,0.316239316239316,0,0.615384615384615,1,2014
2113.AUS,AUS,1,wta317359,2113,0,Not Seeded,Hao Chen Tang,2,0,19,1,2,33,64,39,1,6,21,57,6,54,40,40,29,NA,64,NA,NA,NA,0.166666666666667,0.625,0,0.515625,2,2014
2104.AUS,AUS,1,wta316981,2104,0,Not Seeded,Heather Watson,3,0,30,27,4,60,88,67,8,3,41,61,45,61,45,35,57,77,88,107.497216216,95.691163568,74.56454304,0.6,0.397727272727273,19,0.681818181818182,2,2014
1122.AUS,AUS,1,atpz184,1122,0,Not Seeded,Horacio Zeballos,3,1,34,11,2,61,85,60,11,4,43,60,4,72,45,27,50,NA,85,NA,NA,NA,2.75,0.317647058823529,0,0.717647058823529,1,2014
1102.AUS,AUS,1,atpsf36,1102,0,Not Seeded,Igor Sijsling,4,2,40,53,4,79,135,72,20,5,56,59,47,78,45,38,44,64,135,128.623836744,116.196412904,88.234709264,1.12765957446809,0.281481481481481,33,0.585185185185185,1,2014
2122.AUS,AUS,1,wta314545,2122,0,Not Seeded,Irina Falconi,2,0,16,3,6,31,60,27,3,3,18,53,3,67,54,58,86,NA,60,NA,NA,NA,1,0.966666666666667,0,0.516666666666667,2,2014
2211.AUS,AUS,2,wta314545,2211,0,Not Seeded,Irina Falconi,2,0,20,18,2,32,55,49,0,2,22,74,40,45,59,37,50,43,55,96.933905952,86.99196688,75.185914232,0.45,0.672727272727273,18,0.581818181818182,2,2014
2142.AUS,AUS,1,wta313169,2142,0,Not Seeded,Irina-Camelia Begu,3,0,34,2,5,59,94,68,2,7,44,62,7,65,37,37,56,NA,94,NA,NA,NA,0.285714285714286,0.393617021276596,0,0.627659574468085,2,2014
1218.AUS,AUS,2,atpd646,1218,32,Seeded,Ivan Dodig,4,0,34,37,3,59,91,51,13,2,39,55,43,76,49,34,43,63,91,NA,NA,NA,0.86046511627907,0.373626373626374,24,0.648351648351648,1,2014
1136.AUS,AUS,1,atpd646,1136,32,Seeded,Ivan Dodig,3,2,35,41,2,80,108,83,8,2,68,83,7,82,71,28,67,69,108,NA,NA,NA,5.85714285714286,0.259259259259259,33,0.740740740740741,1,2014
1136.AUS,AUS,1,atpk336,1136,0,Not Seeded,Ivo Karlovic,3,2,35,48,1,73,93,67,25,1,55,66,27,82,53,20,33,48,93,NA,NA,NA,1.77777777777778,0.21505376344086,23,0.78494623655914,1,2014
1103.AUS,AUS,1,atpsm25,1103,0,Not Seeded,Jack Sock,4,1,43,16,4,97,146,74,16,12,54,50,12,73,58,36,40,NA,146,NA,NA,NA,1.33333333333333,0.246575342465753,0,0.664383561643836,1,2014
1202.AUS,AUS,2,atpsm25,1202,0,Not Seeded,Jack Sock,3,1,33,34,1,71,92,69,5,9,48,58,37,70,47,23,100,55,92,134.837548664,121.16738244,101.904875488,0.918918918918919,0.25,29,0.771739130434783,1,2014
1132.AUS,AUS,1,atpd994,1132,0,Not Seeded,James Duckworth,3,0,28,34,0,55,74,48,13,3,36,52,38,75,43,24,0,56,74,134.216177472,109.361329792,100.662133104,0.894736842105263,0.324324324324324,21,0.743243243243243,1,2014
1135.AUS,AUS,1,atph571,1135,0,Not Seeded,Jan Hajek,3,0,25,2,1,37,55,60,2,6,31,73,6,52,27,26,50,NA,55,NA,NA,NA,0.333333333333333,0.472727272727273,0,0.672727272727273,1,2014
1141.AUS,AUS,1,atpsl28,1141,0,Not Seeded,Jan-Lennard Struff,3,0,25,20,2,36,66,37,2,8,24,49,61,65,32,35,40,68,66,NA,NA,NA,0.327868852459016,0.53030303030303,18,0.545454545454545,1,2014
2161.AUS,AUS,1,wta316774,2161,0,Not Seeded,Jana Cepelova,3,1,29,2,5,35,81,56,2,5,28,69,5,50,28,46,42,NA,81,NA,NA,NA,0.4,0.567901234567901,0,0.432098765432099,2,2014
1158.AUS,AUS,1,atpn289,1158,0,Not Seeded,Jarkko Nieminen,5,2,53,57,10,100,173,105,2,6,66,60,72,63,48,43,59,69,173,NA,NA,NA,0.791666666666667,0.248554913294798,55,0.578034682080925,1,2014
1229.AUS,AUS,2,atpn289,1229,0,Not Seeded,Jarkko Nieminen,4,0,39,24,2,80,134,86,3,5,57,65,37,66,50,37,13,63,134,123.652867208,106.875845024,79.535512576,0.648648648648649,0.276119402985075,21,0.597014925373134,1,2014
2125.AUS,AUS,1,wta310169,2125,0,Not Seeded,Jarmila Gajdosova,3,0,23,41,4,41,80,39,2,6,29,53,31,74,35,44,36,67,80,116.817784096,103.768989064,83.263739728,1.32258064516129,0.55,39,0.5125,2,2014
2217.AUS,AUS,2,wta100153,2217,8,Seeded,Jelena Jankovic,2,0,14,25,6,26,53,23,9,4,19,59,14,83,44,68,100,0,53,106.254473832,98.176648336,84.506482112,1.78571428571429,1.28301886792453,16,0.490566037735849,2,2014
2133.AUS,AUS,1,wta100153,2133,8,Seeded,Jelena Jankovic,2,0,15,20,5,34,59,32,6,6,23,60,19,72,52,60,63,50,59,109.361329792,101.904875488,83.263739728,1.05263157894737,1.01694915254237,14,0.576271186440678,2,2014
2309.AUS,AUS,3,wta100153,2309,8,Seeded,Jelena Jankovic,2,0,22,12,7,36,72,43,1,3,23,62,33,53,50,55,78,50,72,106.254473832,96.31253476,80.77825496,0.363636363636364,0.763888888888889,11,0.5,2,2014
2405.AUS,AUS,4,wta100153,2405,8,Seeded,Jelena Jankovic,3,0,24,23,4,43,69,56,2,2,32,67,43,57,39,39,50,67,69,108.7399586,99.41939072,82.642368536,0.534883720930233,0.565217391304348,21,0.623188405797101,2,2014
1223.AUS,AUS,2,atpca12,1223,29,Seeded,Jeremy Chardy,4,3,51,76,5,104,164,96,22,10,74,60,73,77,46,37,36,63,164,133.59480628,122.410124824,102.52624668,1.04109589041096,0.225609756097561,54,0.634146341463415,1,2014
1145.AUS,AUS,1,atpca12,1145,29,Seeded,Jeremy Chardy,3,0,28,31,4,62,94,58,9,2,46,66,27,79,53,37,44,92,94,NA,NA,NA,1.14814814814815,0.393617021276596,22,0.659574468085106,1,2014
1312.AUS,AUS,3,atpca12,1312,29,Seeded,Jeremy Chardy,3,1,29,30,1,61,87,64,8,8,44,58,51,69,36,30,33,63,87,131.730692704,122.410124824,100.662133104,0.588235294117647,0.344827586206897,22,0.701149425287356,1,2014
1311.AUS,AUS,3,atpj397,1311,20,Seeded,Jerzy Janowicz,3,0,28,34,0,52,63,49,3,7,34,53,44,69,41,16,0,73,63,136.70166224,115.575041712,93.827049992,0.772727272727273,0.253968253968254,31,0.825396825396825,1,2014
1144.AUS,AUS,1,atpj397,1144,20,Seeded,Jerzy Janowicz,5,0,42,62,5,101,153,103,18,11,74,64,64,72,46,40,56,67,153,140.429889392,121.788753632,102.52624668,0.96875,0.261437908496732,44,0.660130718954248,1,2014
1222.AUS,AUS,2,atpj397,1222,20,Seeded,Jerzy Janowicz,4,2,45,63,3,101,151,107,15,5,76,67,47,71,48,35,27,61,151,139.187147008,120.546011248,103.147617872,1.34042553191489,0.231788079470199,48,0.66887417218543,1,2014
1145.AUS,AUS,1,atph704,1145,0,Not Seeded,Jesse Huta Galung,3,0,28,30,0,54,80,49,9,7,41,57,33,84,35,30,0,82,80,NA,NA,NA,0.909090909090909,0.375,21,0.675,1,2014
2109.AUS,AUS,1,wta260144,2109,0,Not Seeded,Jie Zheng,2,0,19,26,5,36,67,42,0,2,26,68,25,62,50,51,71,50,67,95.691163568,85.127853304,74.56454304,1.04,0.761194029850746,26,0.537313432835821,2,2014
2205.AUS,AUS,2,wta260144,2205,0,Not Seeded,Jie Zheng,3,1,32,19,7,54,102,81,0,4,40,76,48,49,56,46,70,67,102,107.497216216,84.506482112,75.807285424,0.395833333333333,0.450980392156863,19,0.529411764705882,2,2014
2303.AUS,AUS,3,wta260144,2303,0,Not Seeded,Jie Zheng,2,0,18,15,2,29,45,38,0,5,18,64,28,47,52,32,67,50,45,100.040761912,84.506482112,77.050027808,0.535714285714286,0.711111111111111,15,0.644444444444444,2,2014
1111.AUS,AUS,1,atpw373,1111,0,Not Seeded,Jimmy Wang,3,0,24,1,3,44,76,64,1,3,32,63,3,50,32,42,43,NA,76,NA,NA,NA,0.333333333333333,0.552631578947368,0,0.578947368421053,1,2014
1137.AUS,AUS,1,atpv708,1137,0,Not Seeded,Jiri Vesely,5,1,51,16,2,112,154,92,16,10,69,57,10,75,61,29,33,NA,154,NA,NA,NA,1.6,0.188311688311688,0,0.727272727272727,1,2014
1307.AUS,AUS,3,atpt786,1307,10,Seeded,Jo-Wilfried Tsonga,3,1,31,40,3,69,94,61,17,0,49,66,29,80,65,31,50,74,94,138.565775816,117.439155288,92.584307608,1.37931034482759,0.329787234042553,23,0.734042553191489,1,2014
1404.AUS,AUS,4,atpt786,1404,10,Seeded,Jo-Wilfried Tsonga,3,0,31,29,0,55,72,46,8,1,32,52,28,70,55,20,0,44,72,139.187147008,118.681897672,90.720194032,1.03571428571429,0.277777777777778,21,0.763888888888889,1,2014
1125.AUS,AUS,1,atpt786,1125,10,Seeded,Jo-Wilfried Tsonga,3,0,30,36,5,60,104,51,15,1,37,62,25,73,74,44,38,80,104,132.352063896,114.332299328,85.127853304,1.44,0.423076923076923,21,0.576923076923077,1,2014
1213.AUS,AUS,2,atpt786,1213,10,Seeded,Jo-Wilfried Tsonga,3,1,33,47,3,69,110,59,14,6,51,64,28,86,55,39,33,67,110,135.458919856,118.681897672,93.827049992,1.67857142857143,0.354545454545455,33,0.627272727272727,1,2014
1138.AUS,AUS,1,atpsh90,1138,0,Not Seeded,Joao Sousa,4,1,44,8,3,87,133,94,8,0,57,65,0,61,60,34,38,NA,133,NA,NA,NA,Inf,0.255639097744361,0,0.654135338345865,1,2014
2164.AUS,AUS,1,wta311593,2164,0,Not Seeded,Johanna Larsson,2,1,21,13,3,29,59,46,2,5,24,72,29,52,28,40,30,80,59,106.875845024,89.477451648,81.399626152,0.448275862068966,0.677966101694915,11,0.491525423728814,2,2014
1124.AUS,AUS,1,atpi186,1124,13,Seeded,John Isner,2,1,21,23,0,42,52,52,10,0,36,78,24,69,40,18,0,50,52,133.59480628,116.196412904,100.040761912,0.958333333333333,0.346153846153846,13,0.807692307692308,1,2014
1144.AUS,AUS,1,atptc61,1144,0,Not Seeded,Jordan Thompson,5,0,42,40,3,79,140,79,13,8,58,60,36,73,40,38,30,64,140,132.352063896,115.575041712,94.448421184,1.11111111111111,0.271428571428571,27,0.564285714285714,1,2014
1208.AUS,AUS,2,atpd683,1208,5,Seeded,Juan Martin Del Potro,5,0,53,53,4,97,152,106,28,2,76,72,41,72,50,33,24,52,152,132.352063896,118.06052648,93.827049992,1.29268292682927,0.217105263157895,25,0.638157894736842,1,2014
1116.AUS,AUS,1,atpd683,1116,5,Seeded,Juan Martin Del Potro,4,1,42,46,4,85,122,74,16,3,62,64,29,84,56,32,50,75,122,134.216177472,119.303268864,95.069792376,1.58620689655172,0.262295081967213,30,0.69672131147541,1,2014
1160.AUS,AUS,1,atpma21,1160,0,Not Seeded,Juan Monaco,4,1,38,16,3,75,128,84,0,4,63,76,35,75,44,37,25,69,128,119.303268864,103.147617872,88.234709264,0.457142857142857,0.2890625,16,0.5859375,1,2014
2120.AUS,AUS,1,wta312889,2120,0,Not Seeded,Julia Glushko,3,0,28,6,2,55,82,54,6,3,35,61,3,65,57,32,29,NA,82,NA,NA,NA,2,0.390243902439024,0,0.670731707317073,2,2014
2208.AUS,AUS,2,wta313381,2208,0,Not Seeded,Julia Goerges,3,0,30,42,3,56,98,60,6,1,45,71,47,75,46,39,23,80,98,113.089556944,99.41939072,84.506482112,0.893617021276596,0.397959183673469,36,0.571428571428571,2,2014
2116.AUS,AUS,1,wta313381,2116,0,Not Seeded,Julia Goerges,2,0,17,39,5,35,65,29,4,2,20,50,36,69,52,54,56,70,65,110.604072176,104.390360256,80.156883768,1.08333333333333,0.830769230769231,35,0.538461538461538,2,2014
1126.AUS,AUS,1,atpr782,1126,0,Not Seeded,Julian Reister,3,1,32,21,4,57,93,55,4,9,41,60,36,75,43,36,50,42,93,NA,NA,NA,0.583333333333333,0.387096774193548,17,0.612903225806452,1,2014
1154.AUS,AUS,1,atpb747,1154,0,Not Seeded,Julien Benneteau,5,0,43,49,7,86,152,87,16,4,62,66,46,71,55,45,37,70,152,NA,NA,NA,1.06521739130435,0.296052631578947,33,0.565789473684211,1,2014
1227.AUS,AUS,2,atpb747,1227,0,Not Seeded,Julien Benneteau,4,2,42,64,1,95,138,96,14,6,68,62,65,71,46,30,9,65,138,127.38109436,113.089556944,93.827049992,0.984615384615385,0.217391304347826,50,0.688405797101449,1,2014
2153.AUS,AUS,1,wta110536,2153,24,Seeded,Kaia Kanepi,3,0,24,22,3,39,69,49,6,3,27,64,39,55,44,38,33,75,69,NA,NA,NA,0.564102564102564,0.550724637681159,16,0.565217391304348,2,2014
2147.AUS,AUS,1,wta311299,2147,0,Not Seeded,Karin Knapp,2,0,18,4,5,34,69,35,4,3,26,61,3,74,36,51,50,NA,69,NA,NA,NA,1.33333333333333,0.739130434782609,0,0.492753623188406,2,2014
2224.AUS,AUS,2,wta311299,2224,0,Not Seeded,Karin Knapp,3,0,37,20,6,63,112,64,3,9,40,53,55,63,41,42,67,86,112,110.604072176,101.904875488,86.370595688,0.363636363636364,0.375,17,0.5625,2,2014
2202.AUS,AUS,2,wta313974,2202,0,Not Seeded,Karolina Pliskova,3,0,40,57,3,78,123,69,11,6,50,55,60,72,49,36,21,88,123,NA,NA,NA,0.95,0.292682926829268,46,0.634146341463415,2,2014
2103.AUS,AUS,1,wta313974,2103,0,Not Seeded,Karolina Pliskova,2,0,13,5,5,33,64,30,5,0,26,60,0,87,35,61,36,NA,64,NA,NA,NA,Inf,0.953125,0,0.515625,2,2014
2140.AUS,AUS,1,wta313806,2140,0,Not Seeded,Katarzyna Piter,2,0,13,5,0,13,24,27,1,3,12,77,25,44,13,27,0,63,24,100.662133104,90.720194032,78.292770192,0.2,1.125,4,0.541666666666667,2,2014
2138.AUS,AUS,1,wta320301,2138,0,Not Seeded,Katerina Siniakova,2,0,18,2,2,32,58,37,2,3,22,57,3,59,36,40,33,NA,58,NA,NA,NA,0.666666666666667,0.689655172413793,0,0.551724137931034,2,2014
1302.AUS,AUS,3,atpn552,1302,16,Seeded,Kei Nishikori,3,0,25,30,8,50,93,41,3,1,29,54,27,71,60,59,67,43,93,119.924640056,109.361329792,90.720194032,1.11111111111111,0.634408602150538,27,0.537634408602151,1,2014
1204.AUS,AUS,2,atpn552,1204,16,Seeded,Kei Nishikori,3,1,27,30,6,58,104,52,5,3,43,64,27,83,52,51,50,71,104,122.410124824,108.118587408,88.234709264,1.11111111111111,0.490384615384615,25,0.557692307692308,1,2014
1108.AUS,AUS,1,atpn552,1108,16,Seeded,Kei Nishikori,5,0,47,44,7,93,167,94,6,6,68,66,50,72,52,43,47,69,167,123.031496016,107.497216216,85.127853304,0.88,0.25748502994012,38,0.55688622754491,1,2014
1401.AUS,AUS,4,atpn552,1401,16,Seeded,Kei Nishikori,3,2,38,36,4,67,110,76,2,1,51,66,51,67,41,35,40,80,110,123.652867208,110.604072176,91.962936416,0.705882352941177,0.318181818181818,34,0.609090909090909,1,2014
1134.AUS,AUS,1,atpd750,1134,0,Not Seeded,Kenny De Schepper,3,1,37,58,4,83,134,83,19,13,63,62,66,76,40,40,36,66,134,132.973435088,114.332299328,101.283504296,0.878787878787879,0.298507462686567,39,0.619402985074627,1,2014
1217.AUS,AUS,2,atpd750,1217,0,Not Seeded,Kenny De Schepper,3,0,26,29,0,43,57,53,8,9,33,63,32,62,32,21,0,56,57,135.458919856,114.95367052,105.011731448,0.90625,0.368421052631579,21,0.754385964912281,1,2014
1219.AUS,AUS,2,atpa678,1219,19,Seeded,Kevin Anderson,3,0,29,30,3,61,87,52,15,5,43,65,22,83,64,34,60,80,87,135.458919856,123.652867208,108.118587408,1.36363636363636,0.390804597701149,15,0.701149425287356,1,2014
1405.AUS,AUS,4,atpa678,1405,19,Seeded,Kevin Anderson,3,0,25,31,0,49,66,63,16,1,40,72,30,63,38,24,0,32,66,131.730692704,120.546011248,106.254473832,1.03333333333333,0.363636363636364,15,0.742424242424242,1,2014
1137.AUS,AUS,1,atpa678,1137,19,Seeded,Kevin Anderson,5,1,51,21,3,104,154,92,21,9,76,63,9,83,52,31,21,NA,154,NA,NA,NA,2.33333333333333,0.201298701298701,0,0.675324675324675,1,2014
1310.AUS,AUS,3,atpa678,1310,19,Seeded,Kevin Anderson,5,1,53,82,3,103,164,101,27,6,77,67,69,76,52,35,25,73,164,136.70166224,123.031496016,106.254473832,1.18840579710145,0.213414634146341,55,0.628048780487805,1,2014
2108.AUS,AUS,1,wta314584,2108,0,Not Seeded,Kiki Bertens,2,0,20,23,6,26,61,40,2,4,15,61,35,38,42,51,55,63,61,106.254473832,98.798019528,85.749224496,0.657142857142857,0.836065573770492,21,0.426229508196721,2,2014
2118.AUS,AUS,1,wta040130,2118,0,Not Seeded,Kimiko Date-Krumm,3,0,29,29,8,41,87,67,1,4,31,71,47,46,36,53,62,53,87,93.2056788,85.127853304,75.807285424,0.617021276595745,0.609195402298851,28,0.471264367816092,2,2014
2206.AUS,AUS,2,wta310331,2206,18,Seeded,Kirsten Flipkens,2,0,15,17,1,25,38,28,0,7,15,48,29,54,33,32,100,77,38,106.875845024,97.555277144,83.88511092,0.586206896551724,0.842105263157895,17,0.657894736842105,2,2014
2112.AUS,AUS,1,wta310331,2112,18,Seeded,Kirsten Flipkens,2,0,15,14,5,29,54,21,7,2,18,57,4,86,69,57,83,50,54,103.147617872,95.069792376,83.263739728,3.5,1.05555555555556,7,0.537037037037037,2,2014
2105.AUS,AUS,1,wta110492,2105,0,Not Seeded,Klara Zakopalova,2,0,19,27,4,25,60,30,1,5,18,50,27,60,23,47,29,67,60,105.63310264,88.856080456,72.079058272,1,0.783333333333333,26,0.416666666666667,2,2014
2143.AUS,AUS,1,wta315616,2143,0,Not Seeded,Kristina Mladenovic,2,0,24,23,1,48,61,38,3,8,29,48,41,76,46,22,100,64,61,NA,NA,NA,0.560975609756098,0.360655737704918,20,0.786885245901639,2,2014
2218.AUS,AUS,2,wta314344,2218,0,Not Seeded,Kurumi Nara,2,0,19,8,4,41,59,45,0,2,26,66,26,58,65,43,100,50,59,NA,NA,NA,0.307692307692308,0.728813559322034,8,0.694915254237288,2,2014
2309.AUS,AUS,3,wta314344,2309,0,Not Seeded,Kurumi Nara,2,0,22,19,5,30,63,57,0,2,25,86,43,44,56,48,71,72,63,95.691163568,88.234709264,76.428656616,0.441860465116279,0.761904761904762,19,0.476190476190476,2,2014
2135.AUS,AUS,1,wta314344,2135,0,Not Seeded,Kurumi Nara,3,0,31,23,8,49,103,66,1,6,39,74,37,59,43,49,50,50,103,99.41939072,83.263739728,73.321800656,0.621621621621622,0.475728155339806,22,0.475728155339806,2,2014
2102.AUS,AUS,1,wta315296,2102,0,Not Seeded,Lara Arruabarrena,3,0,26,0,4,43,74,48,0,3,33,62,3,69,33,42,57,NA,74,NA,NA,NA,0,0.567567567567568,0,0.581081081081081,2,2014
2112.AUS,AUS,1,wta316629,2112,0,Not Seeded,Laura Robson,2,0,15,12,0,19,27,25,2,5,14,57,32,56,26,22,0,60,27,108.7399586,100.040761912,88.234709264,0.375,0.814814814814815,10,0.703703703703704,2,2014
2115.AUS,AUS,1,wta317414,2115,0,Not Seeded,Lauren Davis,2,0,18,15,6,30,63,31,0,0,23,61,23,74,35,56,86,58,63,96.933905952,86.370595688,75.807285424,0.652173913043478,0.888888888888889,15,0.476190476190476,2,2014
2208.AUS,AUS,2,wta317414,2208,0,Not Seeded,Lauren Davis,3,0,30,14,3,66,94,74,0,6,51,69,20,69,44,33,43,71,94,99.41939072,86.99196688,75.807285424,0.7,0.351063829787234,14,0.702127659574468,2,2014
2304.AUS,AUS,3,wta317414,2304,0,Not Seeded,Lauren Davis,2,0,16,7,1,27,43,47,0,1,24,77,31,51,21,33,33,75,43,100.040761912,84.506482112,73.943171848,0.225806451612903,0.767441860465116,7,0.627906976744186,2,2014
1163.AUS,AUS,1,atpmd56,1163,0,Not Seeded,Leonardo Mayer,3,0,23,13,7,44,80,33,13,1,31,61,1,94,62,53,50,NA,80,NA,NA,NA,13,0.6625,0,0.55,1,2014
1232.AUS,AUS,2,atpmd56,1232,0,Not Seeded,Leonardo Mayer,3,0,26,14,0,45,59,44,3,7,28,52,39,64,41,21,0,64,59,128.623836744,120.546011248,106.254473832,0.358974358974359,0.355932203389831,11,0.76271186440678,1,2014
2139.AUS,AUS,1,wta315295,2139,0,Not Seeded,Lesia Tsurenko,3,0,27,9,3,55,92,57,1,3,35,63,34,61,59,39,33,0,92,NA,NA,NA,0.264705882352941,0.423913043478261,8,0.597826086956522,2,2014
1105.AUS,AUS,1,atph432,1105,0,Not Seeded,Lleyton Hewitt,5,1,58,54,7,114,178,90,23,5,76,51,61,84,44,36,54,57,178,120.546011248,106.875845024,86.370595688,0.885245901639344,0.202247191011236,31,0.640449438202247,1,2014
2156.AUS,AUS,1,wta040300,2156,0,Not Seeded,Lourdes Dominguez Lino,2,0,14,9,1,18,31,28,0,2,10,58,30,36,40,32,50,71,31,103.768989064,93.2056788,70.836315888,0.3,1.03225806451613,9,0.580645161290323,2,2014
1107.AUS,AUS,1,atppf39,1107,0,Not Seeded,Lucas Pouille,4,1,42,41,4,77,126,83,2,10,55,61,88,66,42,37,50,59,126,NA,NA,NA,0.465909090909091,0.293650793650794,39,0.611111111111111,1,2014
2119.AUS,AUS,1,wta310849,2119,0,Not Seeded,Lucie Hradecka,2,0,16,9,4,35,58,25,9,4,23,54,4,92,57,47,57,NA,58,NA,NA,NA,2.25,0.810344827586207,0,0.603448275862069,2,2014
2210.AUS,AUS,2,wta310849,2210,0,Not Seeded,Lucie Hradecka,3,1,28,9,0,59,90,46,9,9,33,44,9,72,44,32,0,NA,90,NA,NA,NA,1,0.355555555555556,0,0.655555555555556,2,2014
2120.AUS,AUS,1,wta310553,2120,26,Seeded,Lucie Safarova,3,0,28,3,4,58,92,50,3,4,37,59,4,74,60,38,50,NA,92,NA,NA,NA,0.75,0.41304347826087,0,0.630434782608696,2,2014
2305.AUS,AUS,3,wta310553,2305,26,Seeded,Lucie Safarova,3,1,29,21,6,50,99,52,2,7,33,59,43,63,47,45,38,83,99,108.118587408,93.2056788,76.428656616,0.488372093023256,0.454545454545455,19,0.505050505050505,2,2014
2210.AUS,AUS,2,wta310553,2210,26,Seeded,Lucie Safarova,3,1,28,6,4,67,113,61,6,7,47,62,7,77,54,44,31,NA,113,NA,NA,NA,0.857142857142857,0.389380530973451,0,0.592920353982301,2,2014
1164.AUS,AUS,1,atpl797,1164,0,Not Seeded,Lukas Lacko,3,1,29,17,1,53,70,56,5,1,35,61,29,63,50,22,33,73,70,124.895609592,113.089556944,95.069792376,0.586206896551724,0.314285714285714,12,0.757142857142857,1,2014
1153.AUS,AUS,1,atpr685,1153,0,Not Seeded,Lukas Rosol,5,2,56,82,3,113,152,94,11,12,72,51,96,77,45,27,43,64,152,NA,NA,NA,0.854166666666667,0.177631578947368,71,0.743421052631579,1,2014
1155.AUS,AUS,1,atpk540,1155,0,Not Seeded,Lukasz Kubot,5,0,46,8,6,93,141,100,8,12,68,60,12,68,37,36,43,NA,141,NA,NA,NA,0.666666666666667,0.25531914893617,0,0.659574468085106,1,2014
2132.AUS,AUS,1,wta317033,2132,0,Not Seeded,Luksika Kumkhum,3,0,25,28,5,46,92,36,4,6,26,48,27,72,51,47,31,88,92,103.147617872,93.827049992,82.642368536,1.03703703703704,0.510869565217391,24,0.5,2,2014
2216.AUS,AUS,2,wta317033,2216,0,Not Seeded,Luksika Kumkhum,3,0,29,37,3,51,94,47,4,8,38,58,39,81,38,41,43,88,94,103.147617872,90.720194032,82.020997344,0.948717948717949,0.436170212765957,33,0.542553191489362,2,2014
2205.AUS,AUS,2,wta316959,2205,0,Not Seeded,Madison Keys,3,1,32,30,8,57,109,66,3,1,39,63,43,59,46,49,50,55,109,118.681897672,97.555277144,75.185914232,0.697674418604651,0.44954128440367,27,0.522935779816514,2,2014
2110.AUS,AUS,1,wta316959,2110,0,Not Seeded,Madison Keys,3,1,37,11,8,75,135,65,11,4,45,52,4,69,49,49,80,NA,135,NA,NA,NA,2.75,0.362962962962963,0,0.555555555555556,2,2014
2136.AUS,AUS,1,wta312580,2136,32,Seeded,Magdalena Rybarikova,2,0,17,18,5,35,66,36,4,1,27,67,16,75,44,52,63,56,66,109.982700984,101.904875488,75.807285424,1.125,0.787878787878788,14,0.53030303030303,2,2014
2218.AUS,AUS,2,wta312580,2218,32,Seeded,Magdalena Rybarikova,2,0,19,13,2,24,51,22,4,1,16,52,38,73,40,40,40,64,51,NA,NA,NA,0.342105263157895,0.784313725490196,9,0.470588235294118,2,2014
2151.AUS,AUS,1,wta310431,2151,0,Not Seeded,Mandy Minella,2,0,17,0,5,33,62,30,0,2,17,56,2,57,67,53,63,NA,62,NA,NA,NA,0,0.854838709677419,0,0.532258064516129,2,2014
2226.AUS,AUS,2,wta310431,2226,0,Not Seeded,Mandy Minella,2,0,16,2,0,32,42,36,2,3,21,55,3,58,38,24,0,NA,42,NA,NA,NA,0.666666666666667,0.571428571428571,0,0.761904761904762,2,2014
1127.AUS,AUS,1,atpg710,1127,0,Not Seeded,Marcel Granollers,5,0,46,41,2,91,124,91,13,4,64,61,34,70,47,28,67,69,124,128.623836744,112.468185752,90.720194032,1.20588235294118,0.225806451612903,28,0.733870967741935,1,2014
1162.AUS,AUS,1,atpb837,1162,0,Not Seeded,Marcos Baghdatis,3,0,32,37,1,73,106,66,8,4,53,52,50,80,33,31,11,70,106,128.623836744,116.196412904,88.856080456,0.74,0.292452830188679,29,0.688679245283019,1,2014
2224.AUS,AUS,2,wta310137,2224,3,Seeded,Maria Sharapova,3,0,37,34,7,67,124,70,2,12,44,60,67,63,50,48,35,100,124,111.225443368,100.040761912,91.962936416,0.507462686567164,0.387096774193548,32,0.540322580645161,2,2014
2148.AUS,AUS,1,wta310137,2148,3,Seeded,Maria Sharapova,2,0,19,29,4,44,77,38,5,9,31,53,28,82,38,47,50,43,77,110.604072176,100.662133104,91.341565224,1.03571428571429,0.61038961038961,24,0.571428571428571,2,2014
2406.AUS,AUS,4,wta310137,2406,3,Seeded,Maria Sharapova,3,0,26,27,5,43,77,59,3,8,31,66,45,53,39,46,50,80,77,106.875845024,95.691163568,88.234709264,0.6,0.597402597402597,24,0.558441558441558,2,2014
2312.AUS,AUS,3,wta310137,2312,3,Seeded,Maria Sharapova,2,1,20,35,6,39,81,33,0,8,23,50,35,70,48,56,43,92,81,105.63310264,95.069792376,87.613338072,1,0.691358024691358,35,0.481481481481481,2,2014
2159.AUS,AUS,1,wta312572,2159,0,Not Seeded,Mariana Duque-Marino,2,0,18,10,3,23,47,36,4,4,18,67,32,50,28,41,38,33,47,111.84681456,96.933905952,82.020997344,0.3125,0.872340425531915,6,0.48936170212766,2,2014
1127.AUS,AUS,1,atpc977,1127,0,Not Seeded,Marin Cilic,5,0,46,63,5,87,145,70,22,4,57,58,53,81,60,39,63,68,145,136.080291048,116.817784096,90.09882284,1.18867924528302,0.268965517241379,41,0.6,1,2014
1214.AUS,AUS,2,atpc977,1214,0,Not Seeded,Marin Cilic,5,2,51,15,7,82,156,73,15,7,50,50,7,68,43,41,47,NA,156,NA,NA,NA,2.14285714285714,0.262820512820513,0,0.525641025641026,1,2014
2219.AUS,AUS,2,wta312086,2219,0,Not Seeded,Marina Erakovic,2,0,16,15,1,23,46,26,2,5,15,50,27,58,31,38,10,75,46,NA,NA,NA,0.555555555555556,0.826086956521739,13,0.5,2,2014
2137.AUS,AUS,1,wta312086,2137,0,Not Seeded,Marina Erakovic,2,1,23,28,4,52,83,54,6,5,35,59,45,65,45,45,67,63,83,NA,NA,NA,0.622222222222222,0.542168674698795,22,0.626506024096386,2,2014
1108.AUS,AUS,1,atpme05,1108,0,Not Seeded,Marinko Matosevic,5,0,47,46,3,98,147,105,14,9,69,61,63,66,43,35,33,53,147,120.546011248,109.361329792,88.856080456,0.73015873015873,0.238095238095238,32,0.666666666666667,1,2014
1306.AUS,AUS,3,atpk966,1306,0,Not Seeded,Martin Klizan,3,1,29,36,0,53,75,49,6,4,32,53,38,65,48,25,0,62,75,121.788753632,109.361329792,90.720194032,0.947368421052632,0.333333333333333,30,0.706666666666667,1,2014
1124.AUS,AUS,1,atpk966,1124,0,Not Seeded,Martin Klizan,2,1,21,28,2,48,73,32,9,2,27,55,10,84,81,37,40,33,71,123.031496016,109.361329792,90.09882284,2.8,0.52112676056338,19,0.676056338028169,1,2014
1212.AUS,AUS,2,atpk966,1212,0,Not Seeded,Martin Klizan,4,1,44,16,5,83,139,67,16,5,49,58,5,73,69,38,36,NA,139,NA,NA,NA,3.2,0.273381294964029,0,0.597122302158273,1,2014
1151.AUS,AUS,1,atpe690,1151,0,Not Seeded,Matthew Ebden,5,0,46,45,6,81,131,88,7,7,58,67,55,66,52,37,50,76,131,131.109321512,109.361329792,92.584307608,0.818181818181818,0.282442748091603,38,0.618320610687023,1,2014
1226.AUS,AUS,2,atpe690,1226,0,Not Seeded,Matthew Ebden,4,2,42,30,3,83,121,85,8,3,64,68,43,75,48,30,27,74,121,121.788753632,108.118587408,92.584307608,0.697674418604651,0.247933884297521,22,0.685950413223141,1,2014
1119.AUS,AUS,1,atpb678,1119,0,Not Seeded,Michael Berrer,3,0,29,9,5,58,95,46,9,6,39,63,6,85,70,39,42,NA,95,NA,NA,NA,1.5,0.410526315789474,0,0.610526315789474,1,2014
1210.AUS,AUS,2,atpb678,1210,0,Not Seeded,Michael Berrer,3,1,33,29,2,64,93,71,6,3,47,68,25,66,52,30,50,61,93,NA,NA,NA,1.16,0.32258064516129,23,0.688172043010753,1,2014
1119.AUS,AUS,1,atpl428,1119,0,Not Seeded,Michael Llodra,3,0,29,10,0,59,74,69,10,5,47,72,5,68,44,21,0,NA,74,NA,NA,NA,2,0.283783783783784,0,0.797297297297297,1,2014
1161.AUS,AUS,1,atpr368,1161,0,Not Seeded,Michael Russell,3,0,25,1,1,43,79,42,1,8,24,50,8,57,45,36,14,NA,79,NA,NA,NA,0.125,0.455696202531646,0,0.544303797468354,1,2014
1122.AUS,AUS,1,atpp701,1122,0,Not Seeded,Michal Przysiezny,3,1,34,15,5,65,104,61,15,0,48,69,0,79,61,39,63,NA,104,NA,NA,NA,Inf,0.375,0,0.625,1,2014
1211.AUS,AUS,2,atpp701,1211,0,Not Seeded,Michal Przysiezny,4,2,40,46,2,74,112,76,12,6,50,58,63,66,44,31,29,61,112,130.48795032,118.06052648,96.31253476,0.73015873015873,0.276785714285714,34,0.660714285714286,1,2014
1150.AUS,AUS,1,atpk926,1150,0,Not Seeded,Mikhail Kukushkin,4,1,38,2,4,78,128,86,2,3,55,55,3,64,33,41,29,NA,128,NA,NA,NA,0.666666666666667,0.3203125,0,0.609375,1,2014
1221.AUS,AUS,2,atpy061,1221,14,Seeded,Mikhail Youzhny,5,0,46,48,3,91,126,74,14,5,55,55,46,74,59,28,43,67,126,118.681897672,111.225443368,93.2056788,1.04347826086957,0.222222222222222,34,0.722222222222222,1,2014
1141.AUS,AUS,1,atpy061,1141,14,Seeded,Mikhail Youzhny,3,0,25,11,7,56,95,59,5,2,39,69,30,66,63,52,78,63,95,NA,NA,NA,0.366666666666667,0.547368421052632,6,0.589473684210526,1,2014
1205.AUS,AUS,2,atpr975,1205,11,Seeded,Milos Raonic,3,1,33,63,2,80,116,67,27,2,57,64,36,85,62,32,33,68,116,NA,NA,NA,1.75,0.275862068965517,36,0.689655172413793,1,2014
1303.AUS,AUS,3,atpr975,1303,11,Seeded,Milos Raonic,4,1,41,50,1,85,107,74,21,5,55,59,39,74,59,20,33,42,107,140.429889392,124.2742384,105.011731448,1.28205128205128,0.186915887850467,29,0.794392523364486,1,2014
1109.AUS,AUS,1,atpr975,1109,11,Seeded,Milos Raonic,4,1,38,48,7,73,127,65,21,7,56,64,29,86,47,44,35,70,127,140.429889392,122.410124824,96.31253476,1.6551724137931,0.346456692913386,27,0.574803149606299,1,2014
2124.AUS,AUS,1,wta120323,2124,0,Not Seeded,Mirjana Lucic-Baroni,2,0,15,11,0,25,51,23,2,10,17,43,26,74,27,36,0,0,51,114.95367052,105.63310264,87.613338072,0.423076923076923,0.705882352941177,9,0.490196078431373,2,2014
2133.AUS,AUS,1,wta314237,2133,0,Not Seeded,Misaki Doi,2,0,15,10,1,17,36,22,1,3,12,52,26,55,25,36,13,0,36,103.147617872,95.691163568,79.535512576,0.384615384615385,1,9,0.472222222222222,2,2014
2131.AUS,AUS,1,wta315365,2131,0,Not Seeded,Mona Barthel,2,1,22,33,3,51,77,55,2,3,41,69,30,75,40,40,50,89,77,102.52624668,90.09882284,75.807285424,1.1,0.519480519480519,31,0.662337662337662,2,2014
2308.AUS,AUS,3,wta315365,2308,0,Not Seeded,Mona Barthel,2,0,19,22,2,35,55,44,4,6,22,60,45,50,45,38,50,60,55,102.52624668,95.691163568,81.399626152,0.488888888888889,0.690909090909091,18,0.636363636363636,2,2014
2216.AUS,AUS,2,wta315365,2216,0,Not Seeded,Mona Barthel,3,0,29,25,4,62,92,66,3,6,44,63,33,67,46,37,80,55,92,101.283504296,90.720194032,77.050027808,0.757575757575758,0.402173913043478,22,0.673913043478261,2,2014
2123.AUS,AUS,1,wta310775,2123,0,Not Seeded,Monica Niculescu,2,0,17,10,7,29,61,45,1,0,26,82,13,58,30,58,70,71,61,NA,NA,NA,0.769230769230769,0.950819672131147,9,0.475409836065574,2,2014
2212.AUS,AUS,2,wta310775,2212,0,Not Seeded,Monica Niculescu,3,0,24,8,7,44,87,55,0,6,35,66,18,64,32,54,50,75,87,105.63310264,85.749224496,72.700429464,0.444444444444444,0.620689655172414,8,0.505747126436782,2,2014
2306.AUS,AUS,3,wta310775,2306,0,Not Seeded,Monica Niculescu,2,0,20,9,4,31,56,46,1,3,23,70,34,50,40,45,100,36,56,103.768989064,86.99196688,66.486717544,0.264705882352941,0.803571428571429,8,0.553571428571429,2,2014
2130.AUS,AUS,1,wta317755,2130,0,Not Seeded,Monica Puig,2,0,18,25,4,43,68,40,8,5,30,61,27,75,50,50,80,100,68,NA,NA,NA,0.925925925925926,0.735294117647059,17,0.632352941176471,2,2014
2215.AUS,AUS,2,wta317755,2215,0,Not Seeded,Monica Puig,2,0,19,19,0,37,50,29,5,6,21,45,38,72,46,25,0,69,50,110.604072176,105.011731448,90.720194032,0.5,0.5,14,0.74,2,2014
2209.AUS,AUS,2,wta120330,2209,4,Seeded,Na Li,2,1,19,30,5,39,67,38,4,2,27,60,31,71,48,49,71,40,67,109.982700984,99.41939072,86.99196688,0.967741935483871,0.73134328358209,26,0.582089552238806,2,2014
2502.AUS,AUS,5,wta120330,2502,4,Seeded,Na Li,2,0,16,23,5,33,62,29,1,1,23,64,17,79,63,54,63,70,62,102.52624668,98.798019528,88.856080456,1.35294117647059,0.870967741935484,22,0.532258064516129,2,2014
2403.AUS,AUS,4,wta120330,2403,4,Seeded,Na Li,2,0,14,18,5,30,55,35,1,1,26,80,14,74,44,60,71,57,55,103.147617872,97.555277144,86.99196688,1.28571428571429,1.09090909090909,17,0.545454545454545,2,2014
2601.AUS,AUS,6,wta120330,2601,4,Seeded,Na Li,2,0,18,35,6,38,71,42,4,5,27,61,23,64,41,65,60,79,71,105.011731448,96.933905952,87.613338072,1.52173913043478,0.915492957746479,31,0.535211267605634,2,2014
2117.AUS,AUS,1,wta120330,2117,4,Seeded,Na Li,2,0,14,20,5,31,61,34,3,0,24,76,18,71,64,58,42,68,61,106.254473832,100.662133104,90.09882284,1.11111111111111,0.950819672131147,17,0.508196721311475,2,2014
2305.AUS,AUS,3,wta120330,2305,4,Seeded,Na Li,3,1,29,17,4,61,99,66,5,6,43,60,50,65,41,43,40,89,99,107.497216216,98.176648336,88.234709264,0.34,0.434343434343434,12,0.616161616161616,2,2014
2701.AUS,AUS,7,wta120330,2701,4,Seeded,Na Li,2,1,19,34,5,36,75,36,2,3,21,60,30,58,63,53,50,62,75,103.147617872,96.933905952,86.370595688,1.13333333333333,0.706666666666667,32,0.48,2,2014
2134.AUS,AUS,1,wta314704,2134,0,Not Seeded,Nadiya Kichenok,2,1,21,24,2,38,68,42,4,7,27,63,43,64,44,39,25,79,68,125.516980784,95.691163568,83.263739728,0.558139534883721,0.573529411764706,20,0.558823529411765,2,2014
1114.AUS,AUS,1,atpke17,1114,0,Not Seeded,Nick Kyrgios,4,2,43,71,6,85,133,66,34,13,60,54,52,91,44,39,75,63,133,133.59480628,121.16738244,102.52624668,1.36538461538462,0.293233082706767,37,0.639097744360902,1,2014
1207.AUS,AUS,2,atpke17,1207,0,Not Seeded,Nick Kyrgios,5,2,52,59,2,113,159,123,24,11,86,66,74,70,43,29,20,60,159,131.109321512,117.439155288,95.069792376,0.797297297297297,0.182389937106918,35,0.710691823899371,1,2014
1151.AUS,AUS,1,atpm873,1151,0,Not Seeded,Nicolas Mahut,5,0,46,49,6,86,137,87,7,4,63,64,57,72,47,39,40,52,137,125.516980784,115.575041712,95.069792376,0.859649122807018,0.284671532846715,42,0.627737226277372,1,2014
1155.AUS,AUS,1,atpd402,1155,0,Not Seeded,Nikolay Davydenko,5,0,46,6,7,87,162,104,6,4,76,77,4,73,35,45,29,NA,162,NA,NA,NA,1.5,0.277777777777778,0,0.537037037037037,1,2014
1228.AUS,AUS,2,atpd402,1228,0,Not Seeded,Nikolay Davydenko,3,1,33,39,4,59,97,82,6,1,48,77,43,59,44,38,80,75,97,128.623836744,101.283504296,88.856080456,0.906976744186046,0.391752577319588,33,0.608247422680412,1,2014
1316.AUS,AUS,3,atpd643,1316,2,Seeded,Novak Djokovic,3,0,30,31,5,58,93,49,6,1,38,63,23,78,69,41,63,76,93,127.38109436,116.817784096,97.555277144,1.34782608695652,0.440860215053763,25,0.623655913978495,1,2014
1232.AUS,AUS,2,atpd643,1232,2,Seeded,Novak Djokovic,3,0,26,30,5,53,93,44,12,2,36,66,11,82,74,47,83,56,93,125.516980784,111.225443368,96.31253476,2.72727272727273,0.505376344086022,18,0.56989247311828,1,2014
1164.AUS,AUS,1,atpd643,1164,2,Seeded,Novak Djokovic,3,1,29,40,4,62,101,54,10,0,45,68,30,83,68,42,50,89,101,125.516980784,118.06052648,98.798019528,1.33333333333333,0.415841584158416,30,0.613861386138614,1,2014
1408.AUS,AUS,4,atpd643,1408,2,Seeded,Novak Djokovic,3,0,23,33,6,50,96,43,7,2,38,72,21,88,71,51,27,75,96,124.2742384,109.982700984,98.798019528,1.57142857142857,0.53125,26,0.520833333333333,1,2014
1504.AUS,AUS,5,atpd643,1504,2,Seeded,Novak Djokovic,5,0,51,45,4,98,161,105,7,1,75,73,60,71,59,37,57,74,161,126.138351976,116.196412904,90.720194032,0.75,0.229813664596273,38,0.608695652173913,1,2014
2150.AUS,AUS,1,wta311243,2150,0,Not Seeded,Olga Govortsova,2,1,19,10,4,43,78,44,10,4,35,68,4,80,38,47,33,NA,78,NA,NA,NA,2.5,0.602564102564103,0,0.551282051282051,2,2014
2225.AUS,AUS,2,wta311243,2225,0,Not Seeded,Olga Govortsova,2,0,18,18,1,26,43,37,0,1,20,70,26,54,38,32,50,72,43,101.283504296,94.448421184,80.156883768,0.692307692307692,0.744186046511628,18,0.604651162790698,2,2014
2230.AUS,AUS,2,wta313803,2230,0,Not Seeded,Olivia Rogowska,2,0,22,22,3,40,65,46,5,2,26,61,36,57,48,38,60,80,65,103.768989064,94.448421184,81.399626152,0.611111111111111,0.584615384615385,17,0.615384615384615,2,2014
2159.AUS,AUS,1,wta313803,2159,0,Not Seeded,Olivia Rogowska,2,0,18,21,6,35,66,37,2,6,25,63,31,68,45,57,46,80,66,104.390360256,95.691163568,83.88511092,0.67741935483871,0.863636363636364,19,0.53030303030303,2,2014
1143.AUS,AUS,1,atpa596,1143,0,Not Seeded,Pablo Andujar,3,0,28,2,7,55,97,66,2,1,40,73,1,61,63,50,58,NA,97,NA,NA,NA,2,0.515463917525773,0,0.56701030927835,1,2014
1222.AUS,AUS,2,atpa596,1222,0,Not Seeded,Pablo Andujar,4,2,45,57,3,91,149,111,11,1,71,79,28,64,67,36,27,65,149,115.575041712,106.254473832,89.477451648,2.03571428571429,0.241610738255034,46,0.610738255033557,1,2014
1154.AUS,AUS,1,atpcd85,1154,0,Not Seeded,Pablo Carreno Busta,5,0,43,47,4,81,126,78,7,7,46,53,58,59,51,34,80,58,126,NA,NA,NA,0.810344827586207,0.26984126984127,40,0.642857142857143,1,2014
2110.AUS,AUS,1,wta311044,2110,0,Not Seeded,Patricia Mayr-Achleitner,3,1,37,0,5,62,113,87,0,1,48,71,1,55,40,40,42,NA,113,NA,NA,NA,0,0.353982300884956,0,0.548672566371681,2,2014
2147.AUS,AUS,1,wta315083,2147,0,Not Seeded,Paula Ormaechea,2,0,18,2,2,33,56,39,2,7,26,57,7,67,24,40,67,NA,56,NA,NA,NA,0.285714285714286,0.714285714285714,0,0.589285714285714,2,2014
2103.AUS,AUS,1,wta160515,2103,0,Not Seeded,Pauline Parmentier,2,0,13,3,0,20,37,32,3,6,16,63,6,50,21,34,0,NA,37,NA,NA,NA,0.5,0.918918918918919,0,0.540540540540541,2,2014
1110.AUS,AUS,1,atpg967,1110,0,Not Seeded,Peter Gojowczyk,3,2,35,36,1,66,103,57,8,6,44,55,59,77,47,31,17,71,103,NA,NA,NA,0.610169491525424,0.300970873786408,28,0.640776699029126,1,2014
2132.AUS,AUS,1,wta314206,2132,6,Seeded,Petra Kvitova,3,0,25,32,4,51,80,58,3,8,36,60,40,62,38,39,33,75,80,106.875845024,96.31253476,87.613338072,0.8,0.4875,29,0.6375,2,2014
2107.AUS,AUS,1,wta313711,2107,0,Not Seeded,Petra Martic,2,0,12,7,0,12,25,19,2,6,8,50,34,42,21,33,0,43,25,NA,NA,NA,0.205882352941176,1.32,5,0.48,2,2014
1131.AUS,AUS,1,atps694,1131,0,Not Seeded,Radek Stepanek,4,1,32,51,4,66,104,62,5,11,37,51,54,60,48,37,36,69,104,NA,NA,NA,0.944444444444444,0.355769230769231,46,0.634615384615385,1,2014
1101.AUS,AUS,1,atpn409,1101,1,Seeded,Rafael Nadal,1,0,10,13,1,20,30,16,5,1,14,62,5,88,60,36,100,100,30,126.138351976,112.468185752,88.234709264,2.6,1.2,8,0.666666666666667,1,2014
1201.AUS,AUS,2,atpn409,1201,1,Seeded,Rafael Nadal,3,0,26,39,5,56,91,55,7,1,45,74,19,82,58,45,50,79,91,123.652867208,111.225443368,88.234709264,2.05263157894737,0.494505494505495,32,0.615384615384615,1,2014
1501.AUS,AUS,5,atpn409,1501,1,Seeded,Rafael Nadal,4,2,43,42,4,88,147,91,3,7,66,73,47,73,67,38,36,89,147,124.895609592,104.390360256,86.99196688,0.893617021276596,0.258503401360544,39,0.598639455782313,1,2014
1401.AUS,AUS,4,atpn409,1401,1,Seeded,Rafael Nadal,3,2,38,36,5,81,129,88,12,1,67,71,28,76,39,42,63,53,129,125.516980784,114.95367052,91.962936416,1.28571428571429,0.325581395348837,24,0.627906976744186,1,2014
1701.AUS,AUS,7,atpn409,1701,1,Seeded,Rafael Nadal,4,0,35,19,2,60,88,84,1,3,50,78,32,60,42,29,33,63,88,124.2742384,100.662133104,83.263739728,0.59375,0.329545454545455,18,0.681818181818182,1,2014
1601.AUS,AUS,6,atpn409,1601,1,Seeded,Rafael Nadal,3,1,31,28,4,63,105,56,3,1,41,65,25,73,73,40,29,30,105,123.031496016,108.7399586,88.856080456,1.12,0.380952380952381,25,0.6,1,2014
1301.AUS,AUS,3,atpn409,1301,1,Seeded,Rafael Nadal,3,0,24,21,6,58,107,53,2,0,38,67,18,72,77,50,50,69,107,127.38109436,113.089556944,88.856080456,1.16666666666667,0.467289719626168,19,0.542056074766355,1,2014
1116.AUS,AUS,1,atpw522,1116,0,Not Seeded,Rhyne Williams,4,1,42,55,1,77,107,65,29,1,52,57,39,80,51,26,50,67,107,131.730692704,115.575041712,89.477451648,1.41025641025641,0.242990654205607,26,0.719626168224299,1,2014
1146.AUS,AUS,1,atpbe90,1146,0,Not Seeded,Ricardas Berankis,3,0,32,28,1,65,91,57,10,3,39,50,38,68,46,29,33,55,91,121.788753632,113.710928136,90.720194032,0.736842105263158,0.318681318681319,18,0.714285714285714,1,2014
1228.AUS,AUS,2,atpg628,1228,9,Seeded,Richard Gasquet,3,1,33,33,6,62,110,58,9,5,41,58,37,71,50,45,55,67,110,124.895609592,109.982700984,92.584307608,0.891891891891892,0.409090909090909,24,0.563636363636364,1,2014
1314.AUS,AUS,3,atpg628,1314,9,Seeded,Richard Gasquet,4,1,43,62,3,89,137,85,4,5,61,62,34,72,53,35,33,77,137,126.759723168,109.361329792,91.962936416,1.82352941176471,0.255474452554745,58,0.64963503649635,1,2014
1156.AUS,AUS,1,atpg628,1156,9,Seeded,Richard Gasquet,3,0,29,32,7,56,94,57,12,0,42,67,20,74,50,50,70,73,94,122.410124824,106.254473832,88.856080456,1.6,0.531914893617021,20,0.595744680851064,1,2014
2109.AUS,AUS,1,wta220214,2109,12,Seeded,Roberta Vinci,2,0,19,20,3,30,56,40,3,3,23,66,28,58,33,42,30,58,56,104.390360256,95.069792376,72.079058272,0.714285714285714,0.75,17,0.535714285714286,2,2014
1115.AUS,AUS,1,atpbd06,1115,0,Not Seeded,Roberto Bautista Agut,3,0,22,1,8,44,95,50,1,1,37,82,1,74,64,57,44,NA,95,NA,NA,NA,1,0.6,0,0.463157894736842,1,2014
1208.AUS,AUS,2,atpbd06,1208,0,Not Seeded,Roberto Bautista Agut,5,0,53,72,5,111,162,115,12,6,88,69,59,77,45,34,63,71,162,123.652867208,107.497216216,91.341565224,1.22033898305085,0.209876543209877,60,0.685185185185185,1,2014
1304.AUS,AUS,3,atpbd06,1304,0,Not Seeded,Roberto Bautista Agut,3,0,25,21,7,53,96,65,4,1,46,83,23,71,54,52,35,79,96,120.546011248,104.390360256,90.09882284,0.91304347826087,0.541666666666667,17,0.552083333333333,1,2014
1402.AUS,AUS,4,atpbd06,1402,0,Not Seeded,Roberto Bautista Agut,4,0,36,27,1,66,100,65,5,1,44,64,45,68,59,30,20,57,100,123.031496016,106.254473832,91.341565224,0.6,0.3,22,0.66,1,2014
1106.AUS,AUS,1,atph756,1106,0,Not Seeded,Robin Haase,4,2,35,38,1,74,106,83,11,6,56,67,56,67,44,30,25,87,106,NA,NA,NA,0.678571428571429,0.283018867924528,27,0.69811320754717,1,2014
1502.AUS,AUS,5,atpf324,1502,6,Seeded,Roger Federer,4,1,41,54,4,89,147,78,10,0,61,64,42,78,64,40,24,74,147,126.759723168,114.332299328,92.584307608,1.28571428571429,0.272108843537415,44,0.605442176870748,1,2014
1216.AUS,AUS,2,atpf324,1216,6,Seeded,Roger Federer,3,1,28,52,6,54,103,58,11,0,45,76,35,78,50,49,55,79,103,129.245207936,111.84681456,93.827049992,1.48571428571429,0.475728155339806,41,0.524271844660194,1,2014
1132.AUS,AUS,1,atpf324,1132,6,Seeded,Roger Federer,3,0,28,30,4,59,96,45,11,5,40,58,17,89,58,40,24,82,96,128.623836744,114.95367052,95.069792376,1.76470588235294,0.416666666666667,19,0.614583333333333,1,2014
1308.AUS,AUS,3,atpf324,1308,6,Seeded,Roger Federer,3,0,25,35,5,55,98,45,6,1,39,62,18,87,57,47,36,55,98,125.516980784,111.84681456,91.962936416,1.94444444444444,0.479591836734694,29,0.561224489795918,1,2014
1404.AUS,AUS,4,atpf324,1404,6,Seeded,Roger Federer,3,0,31,43,3,67,100,48,7,1,42,57,21,88,69,38,43,83,100,125.516980784,114.332299328,94.448421184,2.04761904761905,0.38,36,0.67,1,2014
1601.AUS,AUS,6,atpf324,1601,6,Seeded,Roger Federer,3,1,31,34,1,63,86,69,8,1,45,66,50,65,50,27,50,55,86,126.138351976,112.468185752,94.448421184,0.68,0.313953488372093,26,0.732558139534884,1,2014
1104.AUS,AUS,1,atph940,1104,0,Not Seeded,Ryan Harrison,3,0,30,19,0,59,76,58,2,1,42,62,23,72,49,22,0,65,76,140.429889392,121.16738244,102.52624668,0.826086956521739,0.289473684210526,17,0.776315789473684,1,2014
2124.AUS,AUS,1,wta312520,2124,15,Seeded,Sabine Lisicki,2,0,15,28,4,47,75,38,7,6,32,52,24,84,43,53,50,71,75,120.546011248,107.497216216,83.88511092,1.16666666666667,0.706666666666667,21,0.626666666666667,2,2014
2212.AUS,AUS,2,wta312520,2212,15,Seeded,Sabine Lisicki,3,0,24,43,5,37,76,42,10,6,23,53,56,55,37,47,83,56,76,123.031496016,103.768989064,73.943171848,0.767857142857143,0.618421052631579,33,0.486842105263158,2,2014
2115.AUS,AUS,1,wta317443,2115,0,Not Seeded,Sachia Vickery,2,0,18,8,3,26,47,30,0,3,14,51,36,47,41,41,60,45,47,100.662133104,91.341565224,72.079058272,0.222222222222222,0.872340425531915,8,0.553191489361702,2,2014
1230.AUS,AUS,2,atpq927,1230,0,Not Seeded,Sam Querrey,3,0,27,30,5,56,88,51,19,4,45,72,21,88,55,42,56,55,88,136.70166224,124.2742384,89.477451648,1.42857142857143,0.477272727272727,11,0.636363636363636,1,2014
1315.AUS,AUS,3,atpq927,1315,0,Not Seeded,Sam Querrey,3,0,32,27,1,62,86,65,10,1,43,63,41,66,50,26,25,48,86,132.973435088,119.924640056,90.720194032,0.658536585365854,0.302325581395349,17,0.720930232558139,1,2014
1159.AUS,AUS,1,atpq927,1159,0,Not Seeded,Sam Querrey,4,1,39,47,4,82,122,74,24,4,60,63,45,81,51,35,57,82,122,132.352063896,111.84681456,86.370595688,1.04444444444444,0.286885245901639,23,0.672131147540984,1,2014
2302.AUS,AUS,3,wta190787,2302,17,Seeded,Samantha Stosur,3,1,31,21,1,64,93,69,3,2,42,68,30,61,69,29,25,69,93,115.575041712,100.662133104,86.99196688,0.7,0.311827956989247,18,0.688172043010753,2,2014
2203.AUS,AUS,2,wta190787,2203,17,Seeded,Samantha Stosur,2,0,14,23,5,30,58,24,4,3,20,59,15,83,59,60,38,76,58,114.332299328,103.768989064,84.506482112,1.53333333333333,1.03448275862069,19,0.517241379310345,2,2014
2105.AUS,AUS,1,wta190787,2105,17,Seeded,Samantha Stosur,2,0,19,19,7,39,74,48,6,1,28,65,18,58,42,58,70,70,74,114.332299328,101.283504296,85.127853304,1.05555555555556,0.783783783783784,13,0.527027027027027,2,2014
1152.AUS,AUS,1,atpg940,1152,0,Not Seeded,Samuel Groth,3,0,29,35,0,57,74,60,16,4,40,65,25,67,52,23,0,47,74,145.400858928,119.303268864,103.147617872,1.4,0.310810810810811,19,0.77027027027027,1,2014
1159.AUS,AUS,1,atpg725,1159,0,Not Seeded,Santiago Giraldo,4,1,39,35,2,73,108,73,9,3,51,65,41,70,55,30,29,50,108,126.138351976,108.7399586,84.506482112,0.853658536585366,0.277777777777778,26,0.675925925925926,1,2014
2116.AUS,AUS,1,wta310761,2116,7,Seeded,Sara Errani,2,0,17,6,2,26,49,43,1,0,21,77,11,49,38,40,40,100,49,88.234709264,80.156883768,72.700429464,0.545454545454545,0.816326530612245,5,0.530612244897959,2,2014
2401.AUS,AUS,4,wta230234,2401,1,Seeded,Serena Williams,3,0,28,22,2,56,79,63,13,4,43,66,31,68,41,31,67,67,79,120.546011248,106.254473832,90.09882284,0.709677419354839,0.392405063291139,9,0.708860759493671,2,2014
2301.AUS,AUS,3,wta230234,2301,1,Seeded,Serena Williams,2,0,18,25,4,35,60,27,10,2,20,48,21,74,52,48,57,33,60,118.06052648,105.011731448,87.613338072,1.19047619047619,0.8,15,0.583333333333333,2,2014
2101.AUS,AUS,1,wta230234,2101,1,Seeded,Serena Williams,2,0,15,31,5,28,58,20,6,2,20,59,17,100,57,55,50,91,58,119.303268864,108.118587408,87.613338072,1.82352941176471,0.948275862068966,25,0.482758620689655,2,2014
2201.AUS,AUS,2,wta230234,2201,1,Seeded,Serena Williams,2,0,15,24,4,36,61,33,10,2,28,66,19,85,47,52,57,75,61,116.817784096,101.904875488,83.88511092,1.26315789473684,0.852459016393443,14,0.590163934426229,2,2014
1130.AUS,AUS,1,atpsc77,1130,0,Not Seeded,Sergiy Stakhovsky,4,1,37,14,3,71,112,72,14,8,50,55,8,69,36,36,50,NA,112,NA,NA,NA,1.75,0.321428571428571,0,0.633928571428571,1,2014
2123.AUS,AUS,1,wta311168,2123,0,Not Seeded,Shahar Peer,2,0,17,23,3,23,49,44,2,1,21,80,38,48,18,47,43,39,49,NA,NA,NA,0.605263157894737,0.959183673469388,21,0.469387755102041,2,2014
2135.AUS,AUS,1,wta160471,2135,0,Not Seeded,Shuai Peng,3,0,31,36,6,56,96,69,3,5,40,63,54,58,39,45,60,67,96,109.982700984,91.962936416,74.56454304,0.666666666666667,0.46875,33,0.583333333333333,2,2014
2131.AUS,AUS,1,wta311779,2131,0,Not Seeded,Shuai Zhang,2,1,22,17,2,39,68,49,2,1,31,75,21,63,50,36,33,80,68,101.904875488,91.341565224,76.428656616,0.80952380952381,0.529411764705882,15,0.573529411764706,2,2014
2106.AUS,AUS,1,wta311493,2106,0,Not Seeded,Silvia Soler-Espinosa,2,0,17,11,0,32,44,30,3,2,18,50,23,60,47,23,0,100,44,NA,NA,NA,0.478260869565217,0.522727272727273,8,0.727272727272727,2,2014
2140.AUS,AUS,1,wta314320,2140,11,Seeded,Simona Halep,2,0,13,13,5,30,52,25,3,2,21,61,14,84,56,63,56,50,52,106.254473832,93.2056788,75.807285424,0.928571428571429,1.21153846153846,10,0.576923076923077,2,2014
2220.AUS,AUS,2,wta314320,2220,11,Seeded,Simona Halep,3,0,23,10,6,45,90,39,0,3,29,58,19,74,57,51,40,50,90,105.63310264,88.234709264,75.185914232,0.526315789473684,0.566666666666667,10,0.5,2,2014
2405.AUS,AUS,4,wta314320,2405,11,Seeded,Simona Halep,3,0,24,22,6,40,81,42,0,4,26,64,28,62,58,49,46,100,81,105.63310264,93.827049992,77.050027808,0.785714285714286,0.604938271604938,22,0.493827160493827,2,2014
2503.AUS,AUS,5,wta314320,2503,11,Seeded,Simona Halep,2,0,15,9,1,19,32,29,2,1,13,67,25,45,43,30,33,25,32,101.283504296,86.370595688,75.807285424,0.36,0.9375,7,0.59375,2,2014
2310.AUS,AUS,3,wta314320,2310,11,Seeded,Simona Halep,2,0,17,18,6,31,62,26,1,3,18,52,20,69,54,57,100,50,62,105.011731448,93.827049992,76.428656616,0.9,0.919354838709677,17,0.5,2,2014
2157.AUS,AUS,1,wta315683,2157,13,Seeded,Sloane Stephens,2,1,22,22,6,38,82,50,1,1,31,75,27,62,41,58,50,33,82,111.84681456,95.691163568,82.642368536,0.814814814814815,0.707317073170732,21,0.463414634146341,2,2014
2229.AUS,AUS,2,wta315683,2229,13,Seeded,Sloane Stephens,3,0,29,25,5,53,92,59,3,3,39,71,36,66,58,41,50,77,92,112.468185752,96.933905952,83.88511092,0.694444444444444,0.445652173913043,22,0.576086956521739,2,2014
2315.AUS,AUS,3,wta315683,2315,13,Seeded,Sloane Stephens,2,0,22,24,4,41,68,44,1,0,31,69,32,70,50,42,44,77,68,107.497216216,96.933905952,82.020997344,0.75,0.617647058823529,23,0.602941176470588,2,2014
2408.AUS,AUS,4,wta315683,2408,13,Seeded,Sloane Stephens,2,0,17,20,0,33,55,47,0,0,24,72,32,51,50,34,0,75,55,110.604072176,96.933905952,86.370595688,0.625,0.618181818181818,20,0.6,2,2014
1120.AUS,AUS,1,atpd616,1120,0,Not Seeded,Somdev Devvarman,3,1,33,6,2,62,89,54,6,1,34,52,1,63,56,28,29,NA,89,NA,NA,NA,6,0.314606741573034,0,0.696629213483146,1,2014
2137.AUS,AUS,1,wta312469,2137,21,Seeded,Sorana Cirstea,2,1,23,20,3,38,78,39,5,1,25,57,32,64,43,43,21,86,78,NA,NA,NA,0.625,0.551282051282051,15,0.487179487179487,2,2014
1504.AUS,AUS,5,atpw367,1504,8,Seeded,Stanislas Wawrinka,5,0,51,51,5,107,153,98,17,5,71,58,60,72,50,32,50,67,153,136.080291048,120.546011248,96.933905952,0.85,0.209150326797386,34,0.699346405228758,1,2014
1407.AUS,AUS,4,atpw367,1407,8,Seeded,Stanislas Wawrinka,3,2,35,57,2,78,118,60,14,3,54,56,37,90,51,37,40,68,118,137.323033432,122.410124824,96.31253476,1.54054054054054,0.313559322033898,43,0.661016949152542,1,2014
1701.AUS,AUS,7,atpw367,1701,8,Seeded,Stanislas Wawrinka,4,0,35,53,5,68,116,53,19,2,46,55,49,87,51,44,33,92,116,134.837548664,119.303268864,96.933905952,1.08163265306122,0.379310344827586,34,0.586206896551724,1,2014
1149.AUS,AUS,1,atpw367,1149,8,Seeded,Stanislas Wawrinka,2,0,15,23,4,26,54,22,4,1,20,63,11,91,46,50,44,93,54,132.352063896,117.439155288,92.584307608,2.09090909090909,0.925925925925926,19,0.481481481481481,1,2014
1602.AUS,AUS,6,atpw367,1602,8,Seeded,Stanislas Wawrinka,4,3,48,57,1,104,143,88,18,4,72,61,49,82,56,28,25,78,143,134.837548664,117.439155288,95.691163568,1.16326530612245,0.195804195804196,39,0.727272727272727,1,2014
1225.AUS,AUS,2,atpw367,1225,8,Seeded,Stanislas Wawrinka,4,1,41,61,6,88,142,69,9,4,57,56,46,83,56,40,35,79,142,132.973435088,111.84681456,94.448421184,1.32608695652174,0.28169014084507,52,0.619718309859155,1,2014
2143.AUS,AUS,1,wta312336,2143,0,Not Seeded,Stefanie Voegele,2,0,24,19,3,45,76,38,7,1,32,66,20,84,65,39,25,71,76,NA,NA,NA,0.95,0.513157894736842,12,0.592105263157895,2,2014
2222.AUS,AUS,2,wta312336,2222,0,Not Seeded,Stefanie Voegele,2,0,13,12,1,12,30,16,3,1,11,42,22,69,5,38,20,67,30,NA,NA,NA,0.545454545454545,1.26666666666667,9,0.4,2,2014
1121.AUS,AUS,1,atpr612,1121,0,Not Seeded,Stephane Robert,3,1,28,22,9,46,104,33,4,2,25,46,22,76,55,54,53,92,104,NA,NA,NA,1,0.519230769230769,18,0.442307692307692,1,2014
1211.AUS,AUS,2,atpr612,1211,0,Not Seeded,Stephane Robert,4,2,40,43,6,86,143,72,13,8,56,58,28,78,58,44,35,87,143,121.788753632,109.982700984,80.77825496,1.53571428571429,0.307692307692308,30,0.601398601398601,1,2014
1306.AUS,AUS,3,atpr612,1306,0,Not Seeded,Stephane Robert,3,1,29,35,4,65,105,63,7,5,54,72,23,86,46,43,40,82,105,120.546011248,109.982700984,82.020997344,1.52173913043478,0.40952380952381,28,0.619047619047619,1,2014
1403.AUS,AUS,4,atpr612,1403,0,Not Seeded,Stephane Robert,4,1,36,33,1,61,103,58,3,8,39,51,56,67,39,33,17,65,103,119.303268864,113.089556944,86.370595688,0.589285714285714,0.320388349514563,30,0.592233009708738,1,2014
1147.AUS,AUS,1,atpj386,1147,0,Not Seeded,Steve Johnson,5,0,46,21,4,78,129,69,21,12,50,53,12,72,45,36,67,NA,129,NA,NA,NA,1.75,0.27906976744186,0,0.604651162790698,1,2014
2146.AUS,AUS,1,wta317810,2146,0,Not Seeded,Storm Sanders,3,0,27,13,2,47,81,52,2,3,35,63,34,67,39,36,29,100,81,100.040761912,92.584307608,76.428656616,0.382352941176471,0.444444444444444,11,0.580246913580247,2,2014
2163.AUS,AUS,1,wta310053,2163,0,Not Seeded,Su-Wei Hsieh,3,0,24,14,1,48,75,53,1,5,33,58,39,62,39,34,25,69,75,NA,NA,NA,0.358974358974359,0.453333333333333,13,0.64,2,2014
2160.AUS,AUS,1,wta110552,2160,19,Seeded,Svetlana Kuznetsova,2,0,18,17,2,31,53,30,1,4,20,48,24,67,34,39,50,80,53,110.604072176,100.662133104,79.535512576,0.708333333333333,0.735849056603774,16,0.584905660377358,2,2014
2158.AUS,AUS,1,wta313051,2158,0,Not Seeded,Tadeja Majeric,3,1,32,4,3,64,99,72,4,7,54,72,7,75,36,36,50,NA,99,NA,NA,NA,0.571428571428571,0.363636363636364,0,0.646464646464647,2,2014
2152.AUS,AUS,1,wta311647,2152,0,Not Seeded,Teliana Pereira,2,1,23,3,2,57,84,70,3,7,43,68,7,61,42,36,50,NA,84,NA,NA,NA,0.428571428571429,0.428571428571429,0,0.678571428571429,2,2014
1130.AUS,AUS,1,atpg681,1130,0,Not Seeded,Teymuraz Gabashvili,4,1,37,5,9,73,133,66,5,4,49,58,4,74,50,46,53,NA,133,NA,NA,NA,1.25,0.345864661654135,0,0.548872180451128,1,2014
1215.AUS,AUS,2,atpg681,1215,0,Not Seeded,Teymuraz Gabashvili,5,1,50,24,5,88,146,97,2,4,62,68,51,64,57,36,29,60,146,123.652867208,106.875845024,87.613338072,0.470588235294118,0.246575342465753,22,0.602739726027397,1,2014
1308.AUS,AUS,3,atpg681,1308,0,Not Seeded,Teymuraz Gabashvili,3,0,25,27,0,48,66,63,3,5,38,69,33,60,36,25,0,37,66,120.546011248,110.604072176,91.962936416,0.818181818181818,0.378787878787879,24,0.727272727272727,1,2014
1102.AUS,AUS,1,atpkd46,1102,0,Not Seeded,Thanasi Kokkinakis,4,2,40,54,3,91,135,79,8,9,55,54,45,70,53,36,60,61,135,126.759723168,114.95367052,92.584307608,1.2,0.266666666666667,46,0.674074074074074,1,2014
1201.AUS,AUS,2,atpkd46,1201,0,Not Seeded,Thanasi Kokkinakis,3,0,26,21,0,43,61,52,4,3,33,67,24,63,38,24,0,80,61,126.138351976,116.196412904,95.069792376,0.875,0.39344262295082,17,0.704918032786885,1,2014
1126.AUS,AUS,1,atpbd20,1126,0,Not Seeded,Thomaz Bellucci,3,1,32,33,4,63,98,52,8,6,39,53,37,75,51,38,57,82,98,NA,NA,NA,0.891891891891892,0.387755102040816,25,0.642857142857143,1,2014
1213.AUS,AUS,2,atpbd20,1213,0,Not Seeded,Thomaz Bellucci,3,1,33,19,1,65,88,48,9,5,31,45,29,65,59,25,25,72,88,128.623836744,115.575041712,98.176648336,0.655172413793103,0.284090909090909,10,0.738636363636364,1,2014
1115.AUS,AUS,1,atpsf62,1115,0,Not Seeded,Tim Smyczek,3,0,22,8,1,38,55,54,8,5,28,61,5,52,29,28,50,NA,55,NA,NA,NA,1.6,0.509090909090909,0,0.690909090909091,1,2014
2154.AUS,AUS,1,wta317070,2154,0,Not Seeded,Timea Babos,3,0,32,8,5,63,120,67,8,11,46,60,11,69,38,43,21,NA,120,NA,NA,NA,0.727272727272727,0.358333333333333,0,0.525,2,2014
1103.AUS,AUS,1,atpk839,1103,0,Not Seeded,Tobias Kamke,4,1,43,6,2,87,138,66,6,8,51,49,8,77,51,34,17,NA,138,NA,NA,NA,0.75,0.246376811594203,0,0.630434782608696,1,2014
1309.AUS,AUS,3,atpba47,1309,7,Seeded,Tomas Berdych,3,0,26,32,5,56,93,41,13,1,37,57,26,90,61,47,56,72,93,133.59480628,123.652867208,96.31253476,1.23076923076923,0.505376344086022,19,0.602150537634409,1,2014
1217.AUS,AUS,2,atpba47,1217,7,Seeded,Tomas Berdych,3,0,26,29,5,52,93,42,5,4,37,64,13,88,63,49,63,84,93,132.352063896,116.817784096,94.448421184,2.23076923076923,0.526881720430108,24,0.559139784946237,1,2014
1133.AUS,AUS,1,atpba47,1133,7,Seeded,Tomas Berdych,3,0,28,35,4,58,97,47,9,0,39,66,17,83,79,42,29,57,97,135.458919856,121.788753632,98.176648336,2.05882352941176,0.43298969072165,26,0.597938144329897,1,2014
1405.AUS,AUS,4,atpba47,1405,7,Seeded,Tomas Berdych,3,0,25,38,5,54,92,37,4,3,33,52,17,89,62,44,29,83,92,136.080291048,119.924640056,95.069792376,2.23529411764706,0.478260869565217,34,0.58695652173913,1,2014
1503.AUS,AUS,5,atpba47,1503,7,Seeded,Tomas Berdych,4,0,35,43,5,79,128,67,10,4,52,52,62,78,44,42,38,64,128,134.837548664,120.546011248,93.827049992,0.693548387096774,0.328125,33,0.6171875,1,2014
1602.AUS,AUS,6,atpba47,1602,7,Seeded,Tomas Berdych,4,3,48,60,0,101,142,87,21,7,71,62,49,82,57,28,0,74,142,134.216177472,121.16738244,94.448421184,1.22448979591837,0.197183098591549,39,0.711267605633803,1,2014
1140.AUS,AUS,1,atph355,1140,12,Seeded,Tommy Haas,2,0,19,18,1,33,55,31,4,7,22,52,35,71,38,37,50,100,55,120.546011248,110.604072176,95.691163568,0.514285714285714,0.672727272727273,14,0.6,1,2014
1314.AUS,AUS,3,atpr419,1314,17,Seeded,Tommy Robredo,4,1,43,51,3,91,140,90,16,3,70,65,38,78,43,36,43,72,140,126.759723168,114.95367052,91.962936416,1.34210526315789,0.257142857142857,35,0.65,1,2014
1153.AUS,AUS,1,atpr419,1153,17,Seeded,Tommy Robredo,5,2,56,50,6,105,177,82,13,0,62,57,38,76,69,39,33,79,177,NA,NA,NA,1.31578947368421,0.220338983050847,37,0.593220338983051,1,2014
1227.AUS,AUS,2,atpr419,1227,17,Seeded,Tommy Robredo,4,2,42,66,4,99,159,82,17,3,61,58,25,74,63,39,31,76,159,128.623836744,114.332299328,93.2056788,2.64,0.245283018867925,49,0.622641509433962,1,2014
1407.AUS,AUS,4,atpr419,1407,17,Seeded,Tommy Robredo,3,2,35,24,1,67,96,76,1,0,53,71,22,70,45,27,25,81,96,123.652867208,114.95367052,92.584307608,1.09090909090909,0.28125,23,0.697916666666667,1,2014
2203.AUS,AUS,2,wta311041,2203,0,Not Seeded,Tsvetana Pironkova,2,0,14,5,0,19,30,27,1,2,15,57,19,56,20,27,0,83,30,114.332299328,100.040761912,73.321800656,0.263157894736842,0.9,4,0.633333333333333,2,2014
2106.AUS,AUS,1,wta311041,2106,0,Not Seeded,Tsvetana Pironkova,2,0,17,30,3,40,68,32,5,0,28,62,21,88,60,47,60,57,68,NA,NA,NA,1.42857142857143,0.691176470588235,25,0.588235294117647,2,2014
2141.AUS,AUS,1,wta311550,2141,0,Not Seeded,Vania King,2,0,17,12,1,25,42,35,1,2,20,69,28,57,31,33,50,36,42,90.09882284,83.88511092,70.836315888,0.428571428571429,0.785714285714286,11,0.595238095238095,2,2014
2220.AUS,AUS,2,wta120420,2220,0,Not Seeded,Varvara Lepchenko,3,0,23,23,2,44,66,56,1,4,34,63,47,61,30,33,100,90,66,101.283504296,91.962936416,78.914141384,0.48936170212766,0.5,22,0.666666666666667,2,2014
2139.AUS,AUS,1,wta120420,2139,0,Not Seeded,Varvara Lepchenko,3,0,27,32,3,57,93,60,3,5,42,64,52,70,44,40,33,85,93,NA,NA,NA,0.615384615384615,0.43010752688172,29,0.612903225806452,2,2014
1226.AUS,AUS,2,atppd07,1226,28,Seeded,Vasek Pospisil,4,2,42,46,4,90,132,77,13,3,59,60,47,77,61,34,80,64,132,130.48795032,118.06052648,94.448421184,0.978723404255319,0.257575757575758,33,0.681818181818182,1,2014
1152.AUS,AUS,1,atppd07,1152,28,Seeded,Vasek Pospisil,3,0,29,31,4,58,94,50,6,4,45,67,17,90,52,39,40,60,94,126.759723168,118.681897672,96.933905952,1.82352941176471,0.414893617021277,25,0.617021276595745,1,2014
2121.AUS,AUS,1,wta230220,2121,0,Not Seeded,Venus Williams,3,0,28,50,5,54,103,50,5,8,36,55,56,72,44,45,36,83,103,117.439155288,106.254473832,82.020997344,0.892857142857143,0.436893203883495,45,0.524271844660194,2,2014
2111.AUS,AUS,1,wta260142,2111,0,Not Seeded,Vera Zvonareva,2,0,16,14,0,31,40,41,2,4,22,65,43,54,41,20,0,63,40,101.904875488,95.691163568,83.263739728,0.325581395348837,0.5,12,0.775,2,2014
2201.AUS,AUS,2,wta313653,2201,0,Not Seeded,Vesna Dolonc,2,0,15,9,0,23,37,26,2,8,17,54,20,65,27,28,0,100,37,105.63310264,97.555277144,83.88511092,0.45,0.756756756756757,7,0.621621621621622,2,2014
2102.AUS,AUS,1,wta313653,2102,0,Not Seeded,Vesna Dolonc,3,0,26,7,5,43,78,48,7,4,33,65,4,69,38,45,50,NA,78,NA,NA,NA,1.75,0.576923076923077,0,0.551282051282051,2,2014
1110.AUS,AUS,1,atph528,1110,0,Not Seeded,Victor Hanescu,3,2,35,24,2,83,121,79,9,4,60,66,34,76,56,37,33,83,121,NA,NA,NA,0.705882352941177,0.305785123966942,15,0.685950413223141,1,2014
1205.AUS,AUS,2,atph528,1205,0,Not Seeded,Victor Hanescu,3,1,33,23,0,77,101,76,6,1,55,67,23,72,59,23,0,70,101,NA,NA,NA,1,0.227722772277228,17,0.762376237623762,1,2014
2504.AUS,AUS,5,wta312001,2504,2,Seeded,Victoria Azarenka,3,0,25,33,2,45,74,54,0,5,26,60,47,48,53,37,40,59,74,102.52624668,90.09882284,79.535512576,0.702127659574468,0.5,33,0.608108108108108,2,2014
2164.AUS,AUS,1,wta312001,2164,2,Seeded,Victoria Azarenka,2,1,21,27,5,45,80,56,0,7,41,75,32,73,21,55,100,88,80,97.555277144,86.99196688,77.050027808,0.84375,0.6875,27,0.5625,2,2014
2408.AUS,AUS,4,wta312001,2408,2,Seeded,Victoria Azarenka,2,0,17,20,3,42,74,44,3,7,32,69,20,73,50,49,21,76,74,102.52624668,94.448421184,83.263739728,1,0.662162162162162,17,0.567567567567568,2,2014
2232.AUS,AUS,2,wta312001,2232,2,Seeded,Victoria Azarenka,2,0,17,15,5,40,65,58,0,1,34,85,18,59,60,53,45,53,65,101.283504296,93.827049992,77.671399,0.833333333333333,0.815384615384615,15,0.615384615384615,2,2014
2316.AUS,AUS,3,wta312001,2316,2,Seeded,Victoria Azarenka,2,0,13,20,7,25,56,28,0,2,20,74,13,71,50,72,50,82,56,101.283504296,95.069792376,82.642368536,1.53846153846154,1.28571428571429,20,0.446428571428571,2,2014
1118.AUS,AUS,1,atpme31,1118,0,Not Seeded,Vincent Millot,5,1,51,54,11,97,173,95,18,9,63,57,68,66,48,46,42,73,173,NA,NA,NA,0.794117647058823,0.265895953757225,36,0.560693641618497,1,2014
1209.AUS,AUS,2,atpme31,1209,0,Not Seeded,Vincent Millot,3,0,28,22,3,45,68,54,2,7,25,55,55,46,44,31,75,60,68,121.788753632,108.7399586,88.856080456,0.4,0.455882352941176,20,0.661764705882353,1,2014
2114.AUS,AUS,1,wta180384,2114,0,Not Seeded,Virginie Razzano,2,2,26,21,2,57,82,51,7,9,39,58,41,76,49,35,67,73,82,NA,NA,NA,0.51219512195122,0.426829268292683,14,0.695121951219512,2,2014
2207.AUS,AUS,2,wta180384,2207,0,Not Seeded,Virginie Razzano,2,1,21,27,3,38,71,59,2,1,32,75,42,54,30,43,33,76,71,104.390360256,97.555277144,85.749224496,0.642857142857143,0.605633802816901,25,0.535211267605634,2,2014
1118.AUS,AUS,1,atpo234,1118,0,Not Seeded,Wayne Odesnik,5,1,51,39,7,89,158,111,11,2,67,67,73,60,41,42,35,59,158,NA,NA,NA,0.534246575342466,0.265822784810127,28,0.563291139240506,1,2014
2127.AUS,AUS,1,wta312536,2127,0,Not Seeded,Yanina Wickmayer,2,1,22,6,4,53,95,54,6,8,38,58,8,70,38,47,57,NA,95,NA,NA,NA,0.75,0.494736842105263,0,0.557894736842105,2,2014
2214.AUS,AUS,2,wta312536,2214,0,Not Seeded,Yanina Wickmayer,2,0,14,14,0,19,36,29,3,3,13,63,30,45,35,34,0,43,36,105.63310264,100.662133104,87.613338072,0.466666666666667,0.944444444444444,11,0.527777777777778,2,2014
2157.AUS,AUS,1,wta311137,2157,0,Not Seeded,Yaroslava Shvedova,2,1,22,14,4,32,61,44,3,13,22,58,43,50,31,43,67,50,61,108.7399586,98.176648336,79.535512576,0.325581395348837,0.704918032786885,11,0.524590163934426,2,2014
1206.AUS,AUS,2,atpl575,1206,0,Not Seeded,Yen-Hsun Lu,3,1,31,23,2,66,95,81,2,2,47,70,46,58,54,30,50,72,95,120.546011248,110.604072176,93.827049992,0.5,0.315789473684211,21,0.694736842105263,1,2014
1111.AUS,AUS,1,atpl575,1111,0,Not Seeded,Yen-Hsun Lu,3,0,24,9,9,44,101,47,9,5,33,62,5,70,38,56,47,NA,101,NA,NA,NA,1.8,0.554455445544555,0,0.435643564356436,1,2014
2150.AUS,AUS,1,wta314492,2150,0,Not Seeded,Ying-Ying Duan,2,1,19,1,1,40,62,45,1,1,24,60,1,53,53,34,20,NA,62,NA,NA,NA,1,0.548387096774194,0,0.645161290322581,2,2014
2149.AUS,AUS,1,wta317683,2149,0,Not Seeded,Yulia Putintseva,3,0,26,27,3,45,76,47,0,6,29,52,33,62,37,38,38,65,76,102.52624668,93.827049992,77.050027808,0.818181818181818,0.5,27,0.592105263157895,2,2014
2155.AUS,AUS,1,wta312015,2155,0,Not Seeded,Yung-Jan Chan,2,0,22,0,3,38,66,50,0,6,28,68,6,56,43,40,100,NA,66,NA,NA,NA,0,0.606060606060606,0,0.575757575757576,2,2014
2162.AUS,AUS,1,wta130698,2162,0,Not Seeded,Yvonne Meusburger,2,1,23,1,5,44,80,52,1,5,32,68,5,62,50,48,45,NA,80,NA,NA,NA,0.2,0.6,0,0.55,2,2014
2231.AUS,AUS,2,wta130698,2231,0,Not Seeded,Yvonne Meusburger,3,0,26,18,8,43,92,56,0,5,38,67,34,68,18,53,53,75,92,100.040761912,87.613338072,81.399626152,0.529411764705882,0.576086956521739,18,0.467391304347826,2,2014
2316.AUS,AUS,3,wta130698,2316,0,Not Seeded,Yvonne Meusburger,2,0,13,5,1,12,25,30,0,5,8,70,18,27,31,34,50,100,25,95.069792376,86.370595688,80.77825496,0.277777777777778,1.36,5,0.48,2,2014
2219.AUS,AUS,2,wta315696,2219,0,Not Seeded,Zarina Diyas,2,0,16,27,5,37,66,42,1,1,27,70,15,64,56,56,100,100,66,NA,NA,NA,1.8,0.848484848484849,26,0.560606060606061,2,2014
2138.AUS,AUS,1,wta315696,2138,0,Not Seeded,Zarina Diyas,2,0,18,1,5,39,72,48,1,4,33,74,4,69,35,51,83,NA,72,NA,NA,NA,0.25,0.708333333333333,0,0.541666666666667,2,2014
2310.AUS,AUS,3,wta315696,2310,0,Not Seeded,Zarina Diyas,2,0,17,9,2,23,42,33,0,3,16,61,32,48,33,38,50,78,42,102.52624668,91.962936416,80.156883768,0.28125,0.904761904761905,9,0.547619047619048,2,2014
1129.AUS,AUS,1,atpz272,1129,0,Not Seeded,Ze Zhang,4,0,38,20,1,69,101,64,7,6,44,58,48,69,53,28,20,59,101,130.48795032,116.817784096,96.31253476,0.416666666666667,0.277227722772277,13,0.683168316831683,1,2014
